date,city,temperature_avg_c,precipitation_mm,wind_speed_kmh,visibility_km,weather_condition,avg_bikes_available,avg_free_slots,occupancy_rate,nb_trajets_estimes,nb_stations_critiques,pm25,pm10,no2,o3,co,pollution_index,score_meteo_favorable_velo,z_precipitation_mm,z_pollution_index,z_nb_trajets_estimes,atypie_score
2026-02-19,Paris,20.483570765056164,2.0472117146208575,9.440599409765397,12.637804369378767,cloudy,364,636,0.6450417310863747,4064,4,24.47574561111433,37.09134907018133,33.67217104448155,53.53855758776568,1.145839698027521,63.63927092382612,86.9470721766549,-0.25530463060414654,0.9161779403124367,1.794836265686159,2.966318836602742
2026-02-20,Paris,19.39520646100069,5.267822091381152,12.652628070325239,13.08512008717193,rain,651,427,0.7437105322324012,2883,5,18.873773366616934,28.91895034060572,28.925279830808375,56.64340724523463,0.9017637500617908,47.27660784940867,78.25985691041102,0.29076439244579544,-0.5459847963558325,-0.059968351364129514,0.8967175401657574
2026-02-21,Paris,15.682911535937688,1.464917088245022,1.9372549365319927,13.900739364793806,cloudy,671,377,0.5059049578503727,3372,11,37.543820654401216,40.36146615926432,37.63571291623577,48.26685457287233,1.492801163519866,81.89470662629653,83.62798756933336,-0.354035312231069,2.5474782796519775,0.7080244155601644,3.609538007443211
2026-02-22,Paris,22.082225404756635,0.3468326487611549,10.459879622393945,9.175392597329417,clear,546,687,0.7113090168469116,4022,9,27.40567523776685,37.64554268468805,35.21154554562503,57.05973516681848,1.2518875514277696,71.1718880331359,86.93381776394307,-0.5436115745327723,1.5892903790842496,1.728873696747876,3.861775650364898
2026-02-23,Paris,25.32824384460777,36.87879479796387,52.797440155188966,3.0,fog,676,467,0.683557474527968,1594,4,13.790348295086135,14.922745106419889,23.455556821448297,58.936587784888964,0.38790806258961,21.372576997807826,39.85030319754731,5.6505474658972705,-2.8607613378305428,-2.0843910028271453,10.595699806554958
2026-02-24,Paris,18.6110958261134,1.3875898954156194,11.996806550405974,11.416612500413446,cloudy,635,689,0.28324735491019293,3822,9,30.76390165300063,37.4533772129857,33.49628595714676,50.406148102276,1.123346797735154,66.07086922974497,85.01812197894705,-0.36714648673024036,1.133464846318525,1.4147662256131954,2.9153775586619606
2026-02-25,Paris,14.991466938853016,9.057825517782119,12.331755980787566,11.988944275359747,rain,446,503,0.6238028271989199,2000,12,17.427793620221415,28.107703513648072,28.053799116581157,49.843494098127536,0.7868762789785291,39.284510511797635,61.817954998222625,0.9333765765661803,-1.2601562525383454,-1.4467528364237439,3.6402856655282694
2026-02-26,Paris,16.852747730840218,3.279532546747701,16.044317975023777,8.080659752240448,cloudy,394,450,0.5780746030729244,2693,3,26.943668989318937,28.083647015083354,27.98573272142354,50.608417746073506,0.9267605525363829,48.79286347226337,74.27094036540764,-0.04635907241448467,-0.41049264199691804,-0.358370448942076,0.8152221633534786
2026-02-27,Paris,11.359069755507846,2.7849616454319093,16.093191580269313,13.763522077897221,cloudy,627,306,0.6064861022708687,2505,9,25.292009394388074,28.28865128715921,30.904657953754725,46.370971028951395,0.9501245085741741,48.467061517924,61.61191980352561,-0.13021580058602922,-0.4396062083523557,-0.6536314718086756,1.2234534807470605
2026-02-28,Paris,12.954573285674462,0.31204715352556517,12.696806145201062,14.11424445243783,cloudy,627,423,0.5540581061033427,3389,2,24.52936869634524,36.23161435842519,33.749064123907424,45.79380112475196,1.1897562186662993,59.83932792090545,73.50023994155337,-0.5495096122267062,0.5766161565694966,0.7347235506066122,1.8608493194028148
2026-03-01,Paris,19.71809144784231,0.22111874405217885,17.910613973565198,13.775496919186715,cloudy,630,688,0.28356471506525205,3633,12,26.903883615738785,33.50665122277616,30.883151057919132,52.659217460943815,1.0742157517285704,58.721880635046944,88.40906715222762,-0.5649269343861675,0.4767613973446404,1.1179346653909223,2.1596229971217302
2026-03-02,Paris,22.47166165054381,4.373843556674537,10.803912383886807,11.38157524829757,clear,304,356,0.6514465089996369,3083,13,26.40422065518748,31.46740626480983,32.973167167285155,57.46658460101865,0.9775517347269274,59.582056759692826,76.17469749143656,0.13918629762330761,0.5536264816349437,0.254139119770551,0.9469518990288022
2026-03-03,Paris,19.65631715701782,5.138880544393246,14.111339393646725,11.179233382627398,rain,358,332,0.4472190703210892,2788,3,23.236963641321037,27.762894575768755,28.147252960496125,55.11497602011748,0.8809365752418599,47.68172815584549,78.45916940851431,0.26890177127860465,-0.5097833654979379,-0.20916940015310276,0.9878545369296454
2026-03-04,Paris,23.898581723503504,0.8811378483568375,14.63994939209833,14.007065795784047,clear,496,678,0.8220015927974164,3268,3,28.17315812941648,31.742915838352978,32.11345213425702,58.351845211742386,1.0959205054262684,62.86898538875347,78.85870269249543,-0.45301771677863567,0.8473454525410108,0.5446885305701304,1.845051699889777
2026-03-05,Paris,19.80818012523817,1.1987558355667216,22.47717126441737,12.67636250398664,cloudy,588,440,0.4745379191343017,2896,5,25.852866775861564,30.841691403882162,27.862840978515116,53.5838505671068,0.9306608782948134,51.46205456966112,84.27019580814054,-0.39916415373036035,-0.17197451436012906,-0.03955136574037528,0.6106900338308647
2026-03-06,Paris,34.86148126813336,0.8563381721037464,15.435235341190856,11.401985299068265,clear,313,514,0.7176098223853692,1747,4,25.10493700324476,30.849604488528705,32.78766159516524,71.25370264254728,1.0798347257372813,67.23923111549148,51.171002544205216,-0.4572226138010141,1.2378693191425696,-1.8440987874091148,3.5391907203526984
2026-03-07,Paris,18.45880388267751,1.358795234079065,7.5247306459283205,10.383012794213625,cloudy,328,579,0.6210058756038941,4455,3,28.46765968542197,36.57464945333538,38.935224373911176,51.423158427011984,1.2595462366328143,71.53911284043048,87.13715851473384,-0.37202875150171627,1.6221054793380592,2.4089163717544593,4.403050602594234
2026-03-08,Paris,15.491214782077318,4.922073799026878,16.643755548298422,14.743724267099553,cloudy,501,316,0.5459065090540449,2802,3,21.072258996496814,27.68420693999221,28.13406370251223,48.74846720322818,0.8486458441948144,42.145543874681586,67.34406160997764,0.23214120921647038,-1.0044951567528992,-0.18718187717367513,1.4238182431430446
2026-03-09,Paris,18.877766469774162,1.7269376357202326,18.365627513869875,11.215783693735684,cloudy,518,476,0.7770396961979168,3075,13,23.46666256311153,30.718134653200437,29.39483485823716,52.24107074922371,0.9667980685458002,50.96641823852535,82.02997859262678,-0.30960854598474996,-0.2162644304348998,0.24157482092516377,0.7674477973448135
2026-03-10,Paris,10.682425259339407,3.0332651161214255,16.305276360899448,6.68964790487306,cloudy,397,644,0.576051496920779,2203,4,24.200907116351747,29.434007330500624,30.890449963245874,43.15298431266,0.9340131682826016,46.48076458911182,59.274657990397984,-0.08811482660986983,-0.6171011149002127,-1.1279337532220433,1.8331496947321257
2026-03-11,Paris,19.72758971944383,1.578965855895659,13.55431571765029,11.677428576667982,cloudy,373,465,0.4117210280312031,3443,7,26.27784072301782,34.13419403516927,32.520907498459884,51.85043705714841,1.0721525230774993,59.659186887614226,86.56678752929147,-0.3346978290072582,0.5605188070717151,0.8195325678129759,1.7147492038919492
2026-03-12,Paris,20.020254284072692,9.239958435148557,15.872889064159194,11.96289839097672,rain,518,456,0.5928534700400799,1999,7,16.255791262837903,27.177465065691646,28.78485249609851,55.323034509562284,0.7346610960093827,40.42051678144194,72.45686298146386,0.9642580346181082,-1.1586430680071307,-1.4483233737794174,3.571224476404656
2026-03-13,Paris,9.632476890048885,0.6986724529340124,10.037069102984049,12.120460419882052,cloudy,447,407,0.5325055101399409,2562,4,30.293244816983112,36.45953208754895,34.309278632183705,39.59815744846259,1.2335418880628883,62.01616157647584,65.44325757959851,-0.48395554798539997,0.7711373687111036,-0.5641108425352918,1.8192037592317951
2026-03-14,Paris,30.31621056242643,1.9419665102433095,16.507736711668063,12.679641928373288,clear,608,589,0.7747873858017803,2202,7,21.58358324334901,33.480314486374006,30.482279652258377,68.48917081333349,0.9881141618260005,61.47556819210247,59.24818020560063,-0.27314942994710556,0.7228301036451898,-1.1295042905777166,2.1254838241700122
2026-03-15,Paris,17.963099250277136,4.414360360278409,9.251037112528207,13.582063894086094,cloudy,347,625,0.7284867095861752,3419,10,23.856546373584212,30.24955529025159,29.66986876685431,50.379410386357065,1.0115159017172757,50.97343974642844,78.01522841476213,0.14605610451479792,-0.21563699056374752,0.7818396712768142,1.1435327663553596
2026-03-16,Paris,13.453062726026305,6.864913866470453,7.990744686038596,10.238718362940462,rain,557,364,0.3028302837423948,2685,4,25.54668592431191,27.660156258689597,34.82533394170874,44.46246041629228,0.9355104179249665,50.317362786251074,63.26118503574831,0.5615585101190439,-0.2742638338346183,-0.3709347477874632,1.2067570917411254
2026-03-17,Paris,18.38447474292286,1.4214753906748459,19.615813041709764,12.199302730175283,cloudy,577,655,0.5177634467274883,3122,3,24.760417306224834,30.18010100389942,30.409311972382913,49.51852813725716,0.963025868246117,50.865850528521996,81.11173152810436,-0.36140104809373486,-0.22525113128000043,0.3153900766418137,0.902042256015549
2026-03-18,Paris,15.482621729419003,0.3308468341752485,15.342814874030136,13.07267206476413,cloudy,668,600,0.4744868420009754,3378,5,26.236113253902897,31.855143763240925,30.330928483302927,48.8183434317377,1.1216449609702686,55.46476083505094,78.55700052807303,-0.5463220415351064,0.18570613459437935,0.7174476396942048,1.4494758158236904
2026-03-19,Paris,13.426545343693613,3.9469785055282642,14.195313115684684,10.433493415327526,cloudy,382,684,0.5604322131635865,2509,11,21.30984589960302,33.04617116440358,32.48395352458109,49.506718775105874,0.9290346056637266,51.585296441322356,65.11814933467744,0.06680940188465316,-0.1609616571301804,-0.6473493223859821,0.8751203814008157
2026-03-20,Paris,16.38969241897162,4.568860890467415,8.845678417830225,14.72777304883421,cloudy,405,587,0.7186530039805754,3143,7,22.915495109012934,31.929079884629427,26.656375512328502,49.104026141392495,1.0138630459014364,48.236493706116775,74.0117312829673,0.17225236662393165,-0.46020967987568967,0.3483713611109551,0.9808334076105765
2026-03-21,Paris,30.695813581346663,1.7002058493210845,13.970666414522475,12.519765588496847,clear,543,640,0.5464671773688643,2384,10,25.29271145709137,32.91976337661923,32.49502547978499,66.96816144111934,1.0547857380521004,65.81525805485481,60.00748317840481,-0.3141410410014388,1.110623507271171,-0.8436664918451574,2.268431040117767
2026-03-22,Paris,21.90911435888655,0.5514531431694275,8.397716934578618,13.23528169102229,cloudy,392,678,0.3091802365421431,4171,10,24.59773204624537,38.87403053916484,37.65372754600357,58.96698803592156,1.3012108657286097,74.05243309227016,87.91141010684674,-0.5089172463135604,1.8466950342803274,1.962883762743213,4.318496043337101
2026-03-23,Paris,24.08535398490055,2.8571041088020843,19.237007162883195,12.586144946597363,clear,340,469,0.5895777551610902,2550,3,22.631045654958623,28.61435699237908,32.12119179146591,54.187756332681694,0.894678476820238,51.02118139135037,71.59609648542407,-0.11798372036383355,-0.21137081128262364,-0.5829572908033726,0.9123118224498297
2026-03-24,Paris,14.42824290986816,9.130030559292466,17.36916460455894,13.469002129760092,rain,668,544,0.47455378441729856,1636,8,17.363199069909186,23.260325526239967,26.925203176306944,42.91650586738346,0.7196548065581738,30.061260655656046,58.09394337905937,0.9456192671944391,-2.0843431339339547,-2.0184284338888623,5.048390835017257
2026-03-25,Paris,13.227513690192897,1.0577120775281468,9.34785973439735,13.926752258488644,cloudy,665,368,0.5388809340354934,3359,12,31.128105959957264,36.07068727534631,36.04495557854272,46.31919887835126,1.2244417317734912,67.22771677269095,73.81841406528376,-0.4230787593949218,1.2368404008727512,0.6876074299364101,2.347526590204083
2026-03-26,Paris,20.06390463468249,4.597806311239496,24.483964913269737,9.260257886567407,cloudy,613,460,0.8057521220810545,2387,12,21.764728581402036,22.0558066538414,27.9244329906464,56.36904208302871,0.7619874395824069,41.069192081059484,76.29394079193331,0.17716019333803404,-1.100677634936471,-0.8389548797781372,2.1167927080526425
2026-03-27,Paris,14.141096252533707,4.792720444630322,13.802027459030953,12.026003783755813,cloudy,437,637,0.29218736607067536,2431,7,21.803452510157445,27.096790851255363,28.79174093835412,46.18343149942764,0.8999712701799414,42.385752795644045,65.44476810089066,0.2102087642447769,-0.983030158564693,-0.7698512361285075,1.9630901589379774
2026-03-28,Paris,25.267670385786584,1.8070334400262538,28.600845832948096,10.073968747867747,clear,618,376,0.5298930125114207,2661,9,19.013925338836643,26.893074063395,31.729849304605523,59.126474931868934,0.8228012698941309,48.29606570532127,68.24194257988994,-0.29602794091578616,-0.4548863436321031,-0.40862764432362486,1.1595419288715143
2026-03-29,Paris,22.885900004065366,2.425200594988603,14.31364091451092,11.553074429348298,clear,620,675,0.6223373429020986,2502,12,23.097469025729957,32.33784763810324,31.377706750645544,54.80470973818867,1.0036408487143977,55.54923443830943,77.6064431686732,-0.19121491018481782,0.19325467081705458,-0.6583430838756958,1.0428126648775682
2026-03-30,Paris,21.57000247046046,3.5122142737415114,14.635855436715635,11.095075535310661,cloudy,508,372,0.43550708437321284,2679,14,22.69794144277644,29.759255173263046,32.63495528948838,53.93969816814723,0.9410159159167242,52.998572388067736,78.32711070354735,-0.006906835578280665,-0.034671736194786834,-0.3803579719215036,0.4219365436945711
2026-03-31,Paris,21.88524897451804,5.399226650970369,13.289291436973095,12.428187488260408,rain,668,583,0.7109467071649018,2729,2,23.66900211119352,28.459428712429855,27.537752612905535,53.64474214526779,0.8852181572841318,47.234331451633,74.52428940766356,0.31304462851439213,-0.549762602767113,-0.3018311041378335,1.1646383354193386
2026-04-01,Paris,11.77130610644006,2.727797512759043,16.926586898644185,12.461907445890265,cloudy,355,486,0.5955727893407314,3047,6,26.63489419090888,29.573971278602908,32.51143917937083,40.70932853851181,0.9383058567545912,48.4585508501164,62.42821577652906,-0.13990823724568188,-0.44036671911248304,0.1975997749663085,0.7778747313244735
2026-04-02,Paris,13.955315543048194,5.444143691840384,15.256804297398176,14.166102486350553,rain,422,487,0.6998994566859631,2544,7,26.294447845615927,29.642057004703737,28.67166796309635,46.13404693594681,0.8509529034844063,46.261215269907396,63.157792625098196,0.3206605154913373,-0.6367199771808582,-0.592380514937413,1.5497610076096082
2026-04-03,Paris,23.269010260174515,0.4432229772905247,10.310874800424386,12.608898239741706,clear,551,406,0.30769503230849116,3798,6,30.423953590581448,38.46824692975479,36.160689672441094,57.94456982861388,1.247737866698773,75.0600767362114,83.76756650068486,-0.5272681593493301,1.9367377725137527,1.3770733290770338,3.8410792609401168
2026-04-04,Paris,19.286037454900534,37.38541472247664,44.35956994406196,3.0,fog,362,449,0.4905346255852878,997,12,13.089537628665258,13.811896931221975,20.896953458616014,49.849517229294946,0.39837017303067124,13.288018847785645,52.3205186171365,5.736447160325572,-3.58319506488515,-3.0220018041641667,12.341644029374887
2026-04-05,Paris,23.677828200902994,5.06050325218488,18.25695625652899,9.69486925667997,rain,513,555,0.3562733348356293,2789,8,21.622795718388268,25.797584925080496,25.534853033461026,56.82582079304565,0.8206805514491629,42.77574995210854,68.52708877878601,0.2556125476909394,-0.9481801279189772,-0.20759886279742934,1.4113915384073459
2026-04-06,Paris,10.496158033964129,2.7082865315742133,10.72035541085316,16.629317133347016,cloudy,623,506,0.5479243380858645,2703,2,25.66744365553098,32.51972969625436,30.460962925767298,39.18565243729572,1.0684365626299706,49.57052267848895,62.148428775455365,-0.14321641215290656,-0.3410012451504088,-0.34266507538534197,0.8268827326886573
2026-04-07,Paris,8.66367403704126,39.15195804830708,31.936420644051744,3.0,fog,541,420,0.47603157664003426,1331,2,12.49824735190549,16.580575860650974,21.442490061808968,40.07703846947291,0.4175190888922242,10.407494756793923,27.832190382795275,6.035972553112139,-3.8405978463742065,-2.4974423273692503,12.374012726855597
2026-04-08,Paris,16.325913763026332,7.587876287061504,15.642755000355406,10.539266736565727,rain,647,320,0.77315905534874,2621,3,20.4313355951772,27.860297927837486,28.269021919272355,48.95017141611231,0.7785602110413281,40.77884347130604,65.5594255095501,0.6841400510476626,-1.1266231008972458,-0.471449138550561,2.2822122904954694
2026-04-09,Paris,19.082292947909874,2.4331707781488023,11.741998261970915,14.726870981903408,cloudy,383,382,0.5703577885821999,3501,4,25.252729844946447,32.05859596236141,29.384228933362795,55.082643880071,1.0601601384377421,56.31365494353903,83.73046560213841,-0.18986352966290657,0.2615630612549991,0.9106237344420333,1.362050325359939
2026-04-10,Paris,22.143829888024374,2.3661996706440505,17.210370084333658,10.676427070463223,clear,533,322,0.5343813768663217,3042,10,24.84607951652537,34.18907007730258,35.42700010591335,54.220555601123735,0.9519600895774882,60.29041919733985,78.36659683587904,-0.20121878316130715,0.6169255397205637,0.18974708818794148,1.0078914110698123
2026-04-11,Paris,22.26216667398112,1.0058819937939922,14.426317792665506,10.456361844486489,clear,351,643,0.34733884506879686,3671,10,25.164847628250843,38.49800124091687,33.11527165967595,57.20302181387084,1.091782373450425,65.5750270459914,82.70476345955511,-0.4318667839860172,1.0891565353146637,1.1776150849065117,2.698638404207193
2026-04-12,Paris,26.306508653040773,1.6831969178820898,13.410765467447083,15.530908480562193,clear,354,651,0.47608756708300715,2629,6,22.328775678401495,33.23345210857598,36.673077067677056,64.14106200385598,1.0685517790895327,66.30516431766023,71.28287751854425,-0.3170249820832403,1.15440138613335,-0.45888483970517374,1.930311207921764
2026-04-13,Paris,20.024908554804778,0.5319249974700468,19.58930973527388,12.754592530920819,cloudy,661,613,0.3781692673001621,3563,8,23.17018878105794,30.9958849616407,29.729997768424,52.327563985266316,1.0195079012047517,52.23319740058716,87.51907918970767,-0.5122283315416857,-0.10306541888460079,1.0079970504937843,1.6232908009200706
2026-04-14,Paris,26.25675493239745,0.4805122976348317,24.21857898875923,14.533822298373245,clear,616,436,0.4392196861748221,2264,7,19.12642137744289,29.93501342486565,33.809259055707344,62.218969767064436,0.9473422617507916,56.13386535307696,70.54185714497476,-0.5209455868091847,0.24549711658456905,-1.0321309745259657,1.7985736779197194
2026-04-15,Paris,14.461652671906096,3.429405311782063,18.873170267146683,11.961115718200904,cloudy,449,417,0.5762817128362768,2223,6,24.22577177398514,30.555341561581287,28.484128649232808,45.834969883474415,0.874664689702684,45.54669857805534,66.84544441954631,-0.020947468771067984,-0.7005689776034714,-1.0965230061085751,1.8180394524831145
2026-04-16,Paris,13.337041717194595,0.5049382139965896,14.474407476267931,15.26482260786327,cloudy,612,682,0.6882702252965879,3825,7,25.125281884082387,30.894802267198745,33.871036297078895,40.19552126747934,1.1283825498892648,52.629703501077366,73.07483495418627,-0.5168040624630507,-0.06763375092433721,1.4194778376802157,2.0039156510676035
2026-04-17,Paris,10.849293110196836,1.5059777337940128,15.653702886430457,12.117017804613688,cloudy,386,440,0.49491565145042576,2701,5,25.80874719509918,32.20733074405189,33.13114321342836,45.13318429813248,1.0312958088263204,54.23930166491855,63.62198621617938,-0.3470732944835847,0.07619946531158639,-0.3458061500966888,0.7690789098918599
2026-04-18,Paris,29.739984642251613,3.322072098473233,19.548690874799085,12.39811939114694,clear,546,403,0.48739497795923736,1738,6,21.785586553763306,31.54914041524271,30.73388943614242,64.17372787706984,0.8693998688542799,56.084380144546046,56.320479880594455,-0.03914629945089787,0.24107513297462158,-1.8582336236101755,2.1384550560356947
2026-04-19,Paris,14.998915614206027,2.4873946154530624,13.0734320156912,8.205246035022684,cloudy,317,393,0.6963725079017065,2892,7,24.052387885929477,27.426529578424503,30.302127427573364,47.23670592518045,1.026390498511062,48.32169912746029,72.74631907615702,-0.18066963335169187,-0.4525957486052113,-0.04583351516306889,0.6790988971199721
2026-04-20,Paris,24.40270380838732,1.2407898246592706,25.55658820808126,11.696429809928834,clear,425,534,0.2408011816088288,2810,11,22.80919112547083,27.168695833664458,27.271341894094054,55.50818076404853,0.8858321953177748,46.5169335128727,72.68813557025086,-0.3920371011926517,-0.6138690705619514,-0.1746175783282879,1.1805237500828911
2026-04-21,Paris,20.941586032422883,2.99450427167939,11.886502400897031,13.769980934373331,cloudy,461,500,0.7178322430447599,3470,11,23.287701362430145,35.79566273762211,32.60932773614138,57.00906206361782,1.024026819980839,60.649771534070005,82.31477881185168,-0.09468690270134184,0.6490371583312895,0.8619370764161578,1.6056611374487892
2026-04-22,Paris,15.677351256775161,1.2307448938420307,13.222556795418202,13.799199750866501,cloudy,546,346,0.3373564098722842,3740,7,24.28076503095401,30.61411955879182,30.958572985392625,48.61855928981492,1.1040436748141256,53.363435562024655,77.50434109886282,-0.393740264542542,-0.002067670798096262,1.2859821624479764,1.6817900977886147
2026-04-23,Paris,19.536497604383047,4.566646297416006,18.14814420961806,13.103474020930149,cloudy,681,451,0.41999155380573205,2851,9,16.809119171445957,25.58375883531901,27.825092676727806,50.80194651313305,0.8398688429202235,38.38635701444658,77.52055385806366,0.17187687237825616,-1.3404149836301207,-0.1102255467456784,1.6225174027540552
2026-04-24,Paris,14.449360210362581,0.21024201670158432,8.897149478590727,13.094194762340075,cloudy,588,318,0.544149369907202,3412,4,26.08838468176433,39.30434989890251,37.03820182011412,48.897291987695354,1.3167875358206997,69.80337441316023,79.51030837509731,-0.5667711325919419,1.467000406440376,0.7708459097871004,2.8046174488194184
2026-04-25,Paris,16.98903673783053,1.8939708751757995,20.49388425993595,11.184169294457408,cloudy,653,440,0.7128890044484196,2884,7,20.23676457693208,31.053730907438073,33.43995511850458,50.911273549870344,0.9228808037718483,50.92557843735441,76.10711609847408,-0.2812873064630289,-0.21991386299813886,-0.05839781400845611,0.5595989834696239
2026-04-26,Paris,19.30811527986233,2.3596712732519496,19.654670419870396,13.363905942589927,cloudy,538,504,0.4961730374630621,3237,2,21.022060053447106,29.572416048415654,28.886035756692536,51.52117122047729,0.9120966321170214,46.66519474631641,81.07606114386257,-0.20232570239988093,-0.6006204905570985,0.496001872544255,1.2989480655012344
2026-04-27,Paris,16.44866621703272,3.1060047019596366,14.349284728161576,15.824635279679942,cloudy,594,427,0.6636494309409964,2928,9,24.69446704068665,30.271169999052262,33.51681319163339,48.853553481952126,0.9663973130839998,53.267592671835516,74.37754522297251,-0.07578150157858005,-0.010632163140925846,0.010705829641173599,0.09711949436067949
2026-04-28,Paris,23.32613541273459,0.20834886669251884,12.76613244105046,14.316221747000135,clear,624,581,0.40062769078146565,3691,2,27.25550812928657,34.79447818193474,32.70784753148108,59.62021229251469,1.1968928645313295,67.32181959707196,83.06824537745503,-0.5670921247192098,1.2452494014492084,1.2090258320199798,3.0213673581883977
2026-04-29,Paris,21.95831346981468,3.9579422778978226,18.1417275463214,10.601706843816165,cloudy,402,608,0.713874780712803,2860,2,25.64156804788577,27.384047694634738,28.030795378197872,54.85932919636343,0.8635072359328733,48.554951473431004,74.97858451092469,0.06866835896620152,-0.43175238790238923,-0.09609071054461778,0.5965114574132085
2026-04-30,Paris,17.955914768770963,8.628087247882643,18.069206707377123,14.715761576199977,rain,506,328,0.5431449653354832,2345,6,17.10128933866721,28.17044913199424,25.613668788703524,50.376564120746075,0.7230377896933986,36.129741090317744,67.25717621356088,0.8605125136219266,-1.542065515712038,-0.9049174487164201,3.307495478050385
2026-05-01,Paris,15.8334829654872,2.8019172497994056,12.644808471908386,12.464099874715272,cloudy,443,324,0.6589005148851503,2822,7,21.876238914573882,32.3370695364146,31.829663724761215,46.72582200697951,1.0178473709437914,51.05711242732133,74.31342467316864,-0.12734090134984968,-0.20816002452696608,-0.15577113006020707,0.49127205593702283
2026-05-02,Paris,10.759578292513378,0.42229294300533055,11.678862783477886,14.720222732496342,cloudy,620,392,0.5920954606735205,2704,10,26.386996222494123,39.267298061056444,35.20929502681277,43.11486474191065,1.208632770856514,63.39862608278183,68.19410875958727,-0.5308169411134921,0.8946739884345458,-0.34109453802966855,1.7665854675777066
2026-05-03,Paris,7.814620325139305,7.633735735238509,14.904918960486556,9.994941270724382,rain,663,417,0.5099644668758103,2312,10,19.959414666955414,29.162042296142854,26.032993789444653,38.58475334981426,0.7874053508451644,34.079822610017885,44.537349629782916,0.6919157274363158,-1.7252456252987418,-0.9567451814536424,3.3739065341887002
2026-05-04,Paris,17.90743432003805,1.7636591321965098,21.355691129904574,13.541726202928078,cloudy,446,570,0.7066286633186298,2959,4,21.995206011715933,25.946307511968335,28.445330654371443,53.582270838607535,0.9166568212520478,45.65490761773282,78.43015689164254,-0.3033822505438516,-0.6908994497969352,0.059392487667049076,1.053674188007836
2026-05-05,Paris,20.463432419002025,2.530634716351959,18.450719958555563,11.197559056228327,cloudy,356,531,0.5444779740732576,3812,3,23.973418858308627,31.402624260127187,29.199312776310858,53.62472842256475,0.9226495932824197,51.560269548238516,81.69508355988614,-0.1733380791143881,-0.16319805289994874,1.3990608520564614,1.7355969840707983
2026-05-06,Paris,19.120462409052084,2.360641877386969,17.36813693863782,12.108701155877142,cloudy,523,435,0.5435764928032638,3049,7,19.413857932441744,32.0188561609034,33.018295306297034,55.11239682393372,0.9494994461258905,53.3543387548518,81.47728494105785,-0.2021611320887365,-0.0028805587986807987,0.2007408496776553,0.40578254056507257
2026-05-07,Paris,29.378806487836016,3.325493933945125,25.765912287557782,10.4653048742239,clear,659,591,0.3492761397065316,2077,13,23.046612746315034,27.322385799567126,31.31245553922718,64.85361856708747,0.7919215119680278,53.53237677210026,55.201377249449635,-0.0385661118048985,0.013028865807023875,-1.325821460036892,1.3774164376488145
2026-05-08,Paris,22.361603183603393,2.7522295081051094,14.445340321852449,13.952618252962205,clear,381,621,0.6041018763539494,3056,14,20.125474477025513,32.65752709602295,27.775134420513123,57.174327919310805,0.9829747603518308,51.4688184055504,78.10055309461688,-0.13576568218032567,-0.17137009998398095,0.21173461116736914,0.5188703933316757
2026-05-09,Paris,10.735752704638195,4.469806614282873,4.380521378450965,10.948489956638477,cloudy,520,422,0.5057831073550385,2668,11,28.918345567480493,35.490831882507706,38.7295677771912,38.95104525727188,1.1503848981615992,62.35756951661809,62.811502906291096,0.15545726709394025,0.8016454813458463,-0.39763388283391105,1.3547366312736977
2026-05-10,Paris,14.20433669223151,2.673533187633575,5.436467414678905,12.724952917610604,cloudy,481,505,0.3883192282934216,3677,9,28.44643735909683,36.74909608536875,32.82192662110906,44.73773844922924,1.230607935208433,62.31234440279737,74.56413621505892,-0.1491089984496921,0.7976041785402154,1.187038309040552,2.1337514860304596
2026-05-11,Paris,20.85673755163394,5.12054063004765,8.398833964896788,15.662917531708707,rain,359,671,0.5219842128707063,2950,12,22.282542117642294,29.102304641079552,31.42801014908518,53.822155261656405,0.9986399669647748,52.19303795747269,80.12918654299321,0.2657921560386532,-0.10665405485298003,0.04525765146598845,0.4177038623576217
2026-05-12,Paris,23.897200603606436,1.4594659075808714,16.477387622115916,9.805308262866683,clear,646,534,0.7434095295145037,2907,3,24.989492981758563,33.04481651490121,33.124954764077124,57.856388233958214,1.0176838106783606,60.733687883547496,76.52949495341144,-0.3549595845122557,0.6565358985207795,-0.022275454827967854,1.033770937861003
2026-05-13,Paris,19.704610992794766,2.1515927667452557,14.42730077373691,14.475632623946924,cloudy,647,458,0.5186568767163979,3644,13,24.9111279946838,33.8027973574008,32.84294310901736,57.36348858024056,1.0171088367877428,60.68397276894494,84.6844951633144,-0.2376063521753748,0.6520933705722147,1.1352105763033298,2.0249102990509193
2026-05-14,Paris,10.027861706028165,1.2632686966476991,16.29694654499847,12.604696580663285,cloudy,500,549,0.5655908251223349,3031,11,26.64066247202463,35.55916939353672,27.245567492882582,42.22678628951426,1.0338152249245627,50.5538318893294,61.93078322336378,-0.388225707006456,-0.2531330246673087,0.17247117727553407,0.8138299089492987
2026-05-15,Paris,25.58116661466948,3.0754997056695546,12.749672642603782,13.245699864694998,clear,594,613,0.6556759809737085,2681,5,23.363678898970452,31.096841757058936,30.066367743854126,61.48979873837174,1.0005771950437443,57.243139836816624,70.11453608085783,-0.08095376135966657,0.3446215566273956,-0.37721689721015683,0.802792215197219
2026-05-16,Paris,12.661897853087028,2.0390751634100166,8.157049422290715,13.07098361995041,cloudy,491,343,0.6114644193939247,3290,14,24.083194008774527,36.45676507828683,33.20649995431337,44.19350524346357,1.1849953436804674,58.280070962940556,70.55291205611039,-0.2566842195798143,0.4372814156133301,0.5792403523949453,1.27320598758809
2026-05-17,Paris,23.302234070552338,7.4980974136926495,16.661570059897958,10.503026926886893,rain,682,519,0.7867056260579648,2040,7,20.22996964260695,26.069349243120723,29.901980242375803,56.023673872970825,0.7676483051737737,44.36963773315669,66.1885437589321,0.6689176379222442,-0.8057507868465464,-1.3839313421968078,2.8585997669655985
2026-05-18,Paris,25.755759877612615,2.5922456643063905,15.849864514536542,14.306490372856912,clear,514,686,0.603400394383754,2454,6,23.129677013563644,32.28381593835318,31.79830641916771,61.75810036006073,0.9645544158998947,58.87885100920612,69.3694630885483,-0.16289166485657264,0.490788223590013,-0.7337288769480192,1.3874087653946048
2026-05-19,Paris,23.13289923276039,2.71082908691043,18.226879747925736,14.737263115064698,clear,544,361,0.6676191386297051,2858,11,24.56442406823108,28.593909845636325,29.0566202053093,58.911287953177144,0.9174169175732305,52.63305411511151,74.69144747339385,-0.14278531042184436,-0.06733434104445357,-0.09923178525596457,0.3093514367222625
2026-05-20,Paris,13.175382697099478,4.15129595874574,6.345634481172164,14.888677583963622,cloudy,566,353,0.4376979697742291,2946,9,25.794483986576957,36.01997858709443,34.15066933972939,44.56375787593885,1.1046673479299567,58.74123296535877,68.26264332416582,0.10145234810242945,0.4784907158621064,0.03897550204329484,0.6189185660078307
2026-05-21,Paris,22.430317801230764,2.0495616392768943,22.51178526048014,12.148189560839551,clear,536,685,0.361699582647076,2318,13,22.38983591418999,26.85984650888393,31.654746820520536,54.122076748380614,0.8856533930283854,49.05023512030845,76.49225721561345,-0.25490619027419464,-0.3874939875887135,-0.9473219573196019,1.5897221351825102
2026-05-22,Paris,26.143077727856458,0.4414891218183832,14.926408706825317,13.592810859392653,clear,635,380,0.6913852822804284,3212,11,28.89674339419072,34.836468009133895,33.381388765586614,62.8983615752955,1.1226306422899177,69.47963431481325,74.35524018976885,-0.527562142369013,1.438071086927078,0.4567384386524199,2.4223716679485108
2026-05-23,Paris,16.593074467244566,0.11066420666285602,14.554399802436057,11.754177386897089,cloudy,645,578,0.413836572977962,3772,3,28.196524810887567,37.696946814306116,36.95368307884265,50.61627024902605,1.1586935761281427,68.1678434953352,82.32615091007101,-0.5836549996494652,1.3208498469723695,1.3362393578295253,3.24074420445136
2026-05-24,Paris,17.623481726224384,0.6712701476161769,17.438366374616468,11.874641805453656,cloudy,361,593,0.5377493453722024,3694,10,23.274671155100453,31.43822995215506,32.371883337696374,53.311621460259445,1.0509106265591803,55.972771506324584,82.06721843889878,-0.48860173251060757,0.2311018180468789,1.213737444087,1.9334409946444864
2026-05-25,Paris,22.775711602506192,0.7860079633772259,17.520232577589223,10.369001853423022,clear,521,360,0.5647465288357154,3378,2,23.913261086313934,31.551158636293426,36.05172959935892,57.12225690025197,1.0413017004494443,61.51415605683217,80.71665890680573,-0.46914741807020427,0.726278303833555,0.7174476396942048,1.9128733615979638
2026-05-26,Paris,15.204872533830716,0.4041560868269673,14.042335880433535,15.929450265832779,cloudy,677,409,0.7446132131934556,3341,14,25.67098997951523,36.31715477684481,34.004776234121195,45.466648713729725,1.1470226880024221,59.97419899799532,78.22873916269542,-0.5338921269248471,0.5886681961597667,0.6593377575342888,1.7818980806189026
2026-05-27,Paris,18.176317759858645,1.1246689712162903,16.06989955367111,13.70270852920102,cloudy,373,506,0.7059092579563208,3396,5,27.034514413764803,30.950721981443177,32.54774307023753,51.67530308425566,1.0476343124075027,57.49474232823949,82.76600590648373,-0.4117259159132699,0.36710468090479925,0.745717312096326,1.524547908914395
2026-05-28,Paris,14.89818138732224,1.0766487703308811,17.89752200774927,11.449896605696711,cloudy,639,656,0.6024835180172107,3056,5,24.75348729067402,27.29335095589401,31.240871828846775,50.127491785018094,1.0146642471867144,50.85084717859972,73.95833947635977,-0.41986795767447643,-0.22659182619511134,0.21173461116736914,0.8581943950369569
2026-05-29,Paris,6.490394176322075,0.3521239317116695,21.834371337222624,13.702804184757657,cloudy,556,464,0.3987167973885688,2076,7,26.38531714993485,29.18091636522949,33.38655157721658,36.26561350273532,0.992721305507577,47.39288165709487,53.53879658840388,-0.5427144136305043,-0.5355946032634197,-1.3273919973925654,2.4057010142864894
2026-05-30,Paris,13.060320771017293,2.395708507136256,19.843115781522105,11.744164817038467,cloudy,419,601,0.6024475070949541,1994,3,21.399545805107252,28.529409978276952,30.341449355979,47.67511783780248,0.907430516194091,45.34548272456183,65.30291805513913,-0.19621542676932763,-0.7185495668062827,-1.4561760605577843,2.370941054133395
2026-05-31,Paris,13.222297796997871,0.29914959259395224,16.017318179336115,11.626189754879181,cloudy,665,486,0.49667640831910825,2618,9,26.703953889398875,33.61831876624974,35.41360981386031,44.26143457593001,1.1087392408670327,58.73213333933409,72.71013204122264,-0.5516964518855717,0.47767757596975574,-0.4761607506175812,1.5055347784729085
2026-06-01,Paris,17.76104561313231,0.7096250409915472,11.728133269434922,15.37428327014513,cloudy,403,376,0.6506111418925306,4142,7,27.503197193406674,37.592133217154725,35.77330582386662,50.38064678086895,1.1828816040171286,66.90456515742433,84.85850214995227,-0.48209848725442667,1.2079636680335986,1.9173381794286843,3.6074003347167096
2026-06-02,Paris,22.408198784747253,2.316152800234662,22.39972069445013,16.74865880698478,clear,481,680,0.585092117820181,2636,7,18.463905442109077,29.0265051861175,26.417498742285364,56.46483581231438,0.8744909487654806,44.31721941264465,75.94111548033813,-0.20970445588606962,-0.8104348724763036,-0.4478910782154599,1.4680304065778331
2026-06-03,Paris,23.072663463436488,1.505235593775996,22.910190914818898,10.248763493230486,clear,360,664,0.724209818114711,2666,12,24.51122671250051,30.372402192302065,26.080466972331642,58.088099164804426,0.9076664957013587,50.639262595653975,76.12513003747297,-0.3471991276726997,-0.24549896199750162,-0.4007749575452579,0.9934730472154591
2026-06-04,Paris,11.08600134517832,4.9604602362229455,24.547083202350652,12.055381863232425,cloudy,486,603,0.39749753071352545,1799,6,18.364655464333467,22.956059707677536,28.172538669553084,42.31972591663253,0.7501497646769328,31.860893747720308,53.475110417811635,0.23864980286979848,-1.9235284526730838,-1.762430844914098,3.9246091004569803
2026-06-05,Paris,18.63682739268578,1.6364173551824848,13.80753316307971,10.698714861756347,cloudy,655,482,0.6433104985459074,3406,12,24.280639793894103,33.04174941988873,31.45798749750795,52.555664538956066,1.0625853935586551,56.798354115996105,83.57592473803909,-0.32495666804140744,0.30487563606250284,0.76142268565306,1.3912549897569702
2026-06-06,Paris,15.56437308117652,1.273313018634234,10.68004615160092,6.994480956675569,cloudy,638,324,0.2872945065148216,3780,5,26.16112103197112,34.16214302519107,36.44233521461688,50.866590970172375,1.1673885405615494,64.16864543166419,78.37082803590754,-0.3865226468865592,0.9634826898866736,1.3488036566749126,2.6988089934481456
2026-06-07,Paris,21.42321100777584,3.281984474438201,14.575455837520838,10.846457338863335,cloudy,452,575,0.8153157674889131,2666,4,19.648021029453467,31.73703013205494,33.68495661236781,58.82260684413816,0.9532664761869358,55.933751568519284,79.212795076368,-0.04594333700972969,0.22761500793616873,-0.4007749575452579,0.6743333024911563
2026-06-08,Paris,21.77695612912878,3.5913364906566527,10.112223776007244,16.08664097936461,cloudy,482,327,0.5028390982669606,3123,6,25.70117418770577,29.989021476436996,33.476973960641345,54.3938426445227,1.0330207367967768,57.88068305710855,79.85239540797018,0.006508693355045066,0.4015922303793838,0.3169606139974871,0.725061537731916
2026-06-09,Paris,26.098060777186554,4.984910958727732,11.191325421360903,10.473481686914965,clear,448,567,0.47313893692604553,2811,3,22.151061177199647,30.74265440852142,29.08797423135665,59.0248723191883,0.9418495754756477,52.944707493709174,65.7607727045572,0.2427955332094259,-0.03948508723596295,-0.1730470409726145,0.4553276614180034
2026-06-10,Paris,8.975589496677404,0.28771130616512347,15.24042473330691,8.951418933660015,cloudy,465,313,0.7177686467271815,3113,12,27.481293207440977,38.042486074160514,36.2779241363417,42.18507976611307,1.1274873285229665,62.2911526527934,62.459318625884755,-0.5536358649672122,0.7957104900226634,0.3012552404407531,1.6506015954306286
2026-06-11,Paris,21.988681572893174,0.6362279727797093,16.338713328516306,10.696327784395681,cloudy,675,374,0.6907332996483598,3584,6,27.482028906378332,34.38637336876251,33.83618215481784,58.1836535666691,1.0761829017599434,65.23739960888992,83.58299385622911,-0.49454329138919,1.058986247314391,1.0409783349629256,2.5945078736665064
2026-06-12,Paris,18.23699335658207,0.9244856180420803,13.077222278850874,10.79606264220723,cloudy,358,644,0.47209105203784363,3577,10,23.86759866533935,34.77068292324112,33.67504096205181,52.04219769018761,1.1302162424723698,60.55054654777039,84.79710600478607,-0.4456679068127293,0.6401704428795393,1.0299845734732118,2.1158229231654806
2026-06-13,Paris,21.801255473176802,5.63211708209917,18.85819074650668,7.056710999745421,rain,620,363,0.5642734784023696,2490,8,18.954842839764957,27.564827503683425,26.5954667050069,55.09379670902809,0.7938793634629269,41.63352101814788,71.98471965567379,0.3525322520785044,-1.0502493678945157,-0.6771895321437768,2.079971152116797
2026-06-14,Paris,14.015523722647616,3.81513878725763,13.984773069785037,12.339458568780747,cloudy,513,541,0.3690999698391296,2431,2,21.471674304659718,31.637233095164312,30.62608143688488,45.89696378758361,0.938971706598196,47.39750589842288,66.95475818825886,0.0444553826978786,-0.5351813824249518,-0.7698512361285075,1.349488001251338
2026-06-15,Paris,18.44696959572825,3.5543924409821144,22.90067047537601,12.675205324150404,cloudy,411,674,0.4997293328242823,2658,12,19.571416007229438,27.04574919683291,31.842912668791207,49.66332284218055,0.8159137698630898,43.748300817386784,75.14550130709303,0.0002446630150642027,-0.8612732700158997,-0.41333925639064506,1.274857189421609
2026-06-16,Paris,15.940615169387662,1.4305394408157337,12.837209060901895,13.086966305927556,cloudy,417,319,0.6769777137591007,3380,7,27.3362277829414,34.59313376157415,31.55507569275797,52.06248478357457,1.0992603893790915,60.48295234526117,77.82084697988947,-0.35986419748894694,0.634130244919446,0.7205887144055515,1.7145831568139445
2026-06-17,Paris,23.174604635402993,3.20269828923174,13.749386994627443,14.602104866324598,clear,393,312,0.40296082355537355,3088,14,24.544066432620976,29.694289846210047,27.502427957157163,58.26781923148181,0.9732752765429811,52.69912388562965,75.38136138603323,-0.059386667506789496,-0.061430365876567375,0.261991806548918,0.3828088399322749
2026-06-18,Paris,14.617934897579808,0.07066577494898739,15.092091895947759,15.352874624550566,cloudy,621,591,0.7276258791490219,4048,7,26.888402509145774,32.746116762568455,32.06101591194351,49.27854161133478,1.1488946839328869,58.75727123204191,77.2694614236475,-0.590436914247745,0.479923890633119,1.7697076679953845,2.840068472876249
2026-02-19,Lyon,21.634636868820813,1.8913041445235073,19.462054099076056,12.191240891778785,cloudy,598,449,0.8133213547473235,3072,5,18.874827326309447,30.545818841256082,30.280307000171145,56.95587389929185,0.9393108570475719,50.40196358115303,79.9258110758448,-0.3313776857462491,-0.26530070623808905,0.39089245444468407,0.9875708464290223
2026-02-20,Lyon,15.575920290410075,3.0097077068216027,7.607068771100792,14.287508086413858,cloudy,508,427,0.5389078651587411,3667,5,26.117041356204503,35.076476535766346,32.43582645754667,48.59269451614535,1.1352825687962451,59.52952147394128,75.89582818017038,-0.14396448294514042,0.5324557591463436,1.422179497542287,2.098599739633771
2026-02-21,Lyon,21.69248203747207,1.5462731387996667,19.82961003979795,12.164109742305595,cloudy,344,538,0.3804076997593711,2923,9,24.024948652870748,30.522988121881745,31.63293109861081,54.17513584606319,0.9523390448284632,53.916251474733556,80.51886463361768,-0.38919524644457376,0.04185109945368356,0.13263737978662885,0.5636837256848861
2026-02-22,Lyon,17.563024880394263,3.318915515695605,19.151679082721227,10.287832348182265,cloudy,387,555,0.6444294376332717,2868,10,20.324852874432434,27.27722265280394,29.035522153994947,53.79279559570877,0.8753100999101069,45.27403707552872,74.73126849546956,-0.09214988958573181,-0.7134859242261558,0.037308325382648735,0.8429441391945363
2026-02-23,Lyon,20.357831186096963,36.446105921638996,38.262366331135226,3.0,fog,418,612,0.5879747857056972,1308,9,11.508888195251565,15.299667737845795,22.93099613097032,57.122684286185326,0.4108622853161483,19.034479830500167,54.21794122089316,5.459042062112672,-3.006845954030579,-2.6665703086211505,11.1324583247644
2026-02-24,Lyon,26.43487481924797,1.4985796043837114,18.78494308322676,10.155669351644748,clear,608,418,0.49689076796993664,2898,13,20.931343101222716,34.6416827818514,32.04182554208558,63.78963136123434,0.9726883402463666,60.39024095645822,69.17185566643536,-0.39718735085045787,0.6076833874041447,0.08930599142118334,1.094176729675786
2026-02-25,Lyon,24.3480296005283,6.65786865994178,6.838909602857406,12.5619286418364,rain,649,310,0.6014600513388904,2449,3,26.354589280928757,32.60242229806463,30.962633815019743,61.653031809016795,0.9710223005421064,60.694839770865684,69.75938558382997,0.4673654087026502,0.6343055876022917,-0.6889257436222179,1.7905967399271598
2026-02-26,Lyon,14.70807298576474,1.3914451260741165,6.106398755478606,14.992088622978367,cloudy,657,515,0.5234838755326328,3755,11,30.68475316096895,40.719115341246905,39.21271231858396,45.467894402972156,1.3087776810613556,73.90123069367215,78.53899334495597,-0.41514009741464974,1.7885555925666323,1.5747059845886553,3.7784016745699374
2026-02-27,Lyon,23.27182828177029,2.215304713136561,15.902654209027157,17.2871431667971,clear,383,686,0.5332596503735648,2623,6,25.269682474493326,30.597476408602457,31.67728144901746,58.18037943580994,0.9840540105269657,57.57067377169843,76.44616674759311,-0.27708423897969797,0.3612507733743704,-0.3873392805987172,1.0256742929527856
2026-02-28,Lyon,18.985768901649237,2.4361567099878907,15.546973973024464,13.451533247797384,cloudy,659,694,0.29466801008799837,2998,9,23.746520997138656,33.881727946777346,28.57758854786849,49.338235968239516,0.978629028099397,51.30165935620423,81.71677875080977,-0.2400756121564083,-0.18666651625467157,0.26263154488296536,0.6893736732940452
2026-03-01,Lyon,22.405046158683568,2.8511637350209433,16.25121966286824,9.720491143686587,clear,424,312,0.4826925147002352,2831,5,19.01253928954038,32.16392786622195,29.18572454365762,57.15042832945005,0.9439559716435764,50.851524158253326,76.98559312142612,-0.17053202487867603,-0.22600872242639727,-0.02682212939821061,0.4233628767032839
2026-03-02,Lyon,13.292774211001513,9.243431377949456,10.051975898707095,11.748426159800704,rain,522,637,0.6392544198753347,2402,7,20.145747255560696,25.331628139831537,30.34893906161961,45.69640311676705,0.8187590751904927,39.636409064787806,58.51425214678634,0.900633511881137,-1.2062194952237622,-0.7703887537492554,2.8772417608541545
2026-03-03,Lyon,20.278624561443472,5.585067867844999,12.059565868427235,11.733198284216911,rain,674,310,0.5452841244437836,2723,13,21.532923475950827,29.47553518384603,31.448538861366096,52.416396986663266,0.9004196815013799,49.428167751379895,78.81153397347958,0.2875939566149153,-0.35041130518369706,-0.2140137271369352,0.8520189889355476
2026-03-04,Lyon,25.354982336026275,1.287202429640676,9.939478123699162,8.690286656268462,clear,491,565,0.3896167502065362,3172,9,29.500838082054393,38.61387532483249,31.943589751967497,60.982576761487195,1.187750069369391,71.41081147709437,76.42803659179411,-0.43260826209669995,1.5708907960373986,0.564218007906466,2.5677170660405646
2026-03-05,Lyon,24.115852919809573,2.4953289561356278,21.35062773287858,10.363051565915217,clear,411,615,0.38802412693172217,2704,8,21.002541201889617,29.946244392478597,27.243669597116526,62.19689995505864,0.8806192813302136,50.58471170645594,71.59926713705983,-0.23015999623625158,-0.2493283618049228,-0.24694558229467378,0.7264339403358482
2026-03-06,Lyon,12.486174911846982,1.814187283223845,13.771284679570279,11.45455286050466,cloudy,612,405,0.537910037605486,2509,6,21.822547544884777,32.05616480448034,33.40053978344315,43.61073620034673,1.0519168578871458,51.142680447360455,67.76719441824287,-0.34430031801723465,-0.200561410582331,-0.5849304115451487,1.1297921401447142
2026-03-07,Lyon,6.515566785292142,2.217997328001538,20.402299345026748,8.310189519407812,cloudy,696,388,0.3721209179304696,1782,3,20.467922046148104,29.624983940166924,30.284457459200645,37.83055648118087,0.9077362571531089,40.18302240949691,49.164315099847975,-0.27663303192638866,-1.158445015463778,-1.845007185212304,3.2800852326024708
2026-03-08,Lyon,14.914039147273048,3.63689007484591,13.655556547225848,9.78694818251666,cloudy,698,405,0.719421038401592,2152,8,24.790493600971686,29.46302395419113,31.5334491146237,46.88364136017603,0.9536558289020216,49.79836316061046,69.7209878528983,-0.038866233713625735,-0.31805590578352944,-1.2037026374037105,1.5606247769008657
2026-03-09,Lyon,32.8667990162493,2.4636118955136728,11.087281473827598,13.34856093749355,clear,518,381,0.5081674908773866,2427,14,23.786818042804185,32.4968725932268,31.907033804331906,68.5425512171736,1.0742738507231502,65.15039849756367,54.118034945794214,-0.23547488981758405,1.0237252793614366,-0.7270573653838099,1.9862575345628306
2026-03-10,Lyon,19.425779902584882,2.6845305168813396,14.836233648920008,10.91315045773247,cloudy,337,510,0.5421393324133796,3437,13,25.908962909441314,30.33315251140538,29.98944338363776,53.367093431197844,0.9789154036918495,53.73885480562846,82.54965950252175,-0.19845509858601387,0.026346476927206208,1.0235307245801883,1.2483323000934083
2026-03-11,Lyon,16.435771086614178,2.5708831758825954,21.94291134520144,6.6812972859012545,cloudy,317,699,0.692717391558713,3040,8,21.588053019645095,25.90243420576485,28.886185073975877,49.04555665573982,0.868979857069414,42.45646085393687,72.60304855758993,-0.21749921904879135,-0.9597445263506402,0.3354282773369138,1.5126720227363455
2026-03-12,Lyon,9.608116725405285,0.548412189754243,13.286562029598256,11.257118268008417,cloudy,523,617,0.44291635188501005,2594,9,26.74386810397797,36.387239506036714,34.513474285154864,43.985614765257004,1.154407832569746,60.559256454094104,64.17425062947441,-0.556408873721014,0.6224554882851181,-0.437603691102634,1.616468053108766
2026-03-13,Lyon,12.962441526410894,1.0241178733398,13.190545143834981,11.86082035417398,cloudy,487,645,0.589292552401197,3436,7,26.374759882188823,37.68326858705433,32.74351713417541,44.01580506936283,1.119904029698323,59.05934774117896,71.2859660281029,-0.476693886433002,0.4913621676763371,1.0217974690455707,1.9898535231549097
2026-03-14,Lyon,22.426579982802266,1.0305560403150618,18.608360320216175,9.741896457565542,clear,580,632,0.5943436733120643,2837,12,25.183356143912622,34.16503980168182,28.983019052795107,56.51791468293409,1.0044375397179337,57.12101149417143,80.49686207613198,-0.47561502944999773,0.32194990085729935,-0.016422596190503687,0.8139875264978008
2026-03-15,Lyon,17.37739866860113,3.5581989457136367,13.246592360606064,11.541567896892817,cloudy,519,352,0.5825163345643944,2596,4,22.08917332815845,30.814895447369384,31.112316862273968,53.54364089757679,0.9655368609165096,52.216206070809314,76.23516449277086,-0.05205266930795744,-0.10673434129155844,-0.43413718003339835,0.5929241906329142
2026-03-16,Lyon,24.069319540618025,0.834356676097181,13.1951691709046,14.318659606728495,clear,525,507,0.45881871089862736,3130,7,26.466155284670304,37.2130272134303,33.272270053312525,60.73614719895207,1.1341482435209935,68.37554758570816,79.22315585604596,-0.5084925635308608,1.3056061030293786,0.4914212754525176,2.305519942012757
2026-03-17,Lyon,14.594683362000513,3.9328491267860017,6.651104139657999,15.529373868525438,cloudy,546,371,0.757267584617791,2904,10,26.615642524705386,37.31114001053749,30.511233998064434,45.18590459888097,1.1079158234215976,57.45391017923153,72.0599074872847,0.010728237988609746,0.3510455342615533,0.09970552462889026,0.4614792968790533
2026-03-18,Lyon,13.792493845254388,0.9768448418575614,7.216854132380481,13.21201990269128,cloudy,693,686,0.4460523704002752,4026,12,33.74657802549286,36.96402551189939,35.39650449732835,44.799545443305554,1.3041666728088044,69.74411626222307,76.67441092853507,-0.4846155262908001,1.425220190700629,2.0444182344700845,3.9542539514615136
2026-03-19,Lyon,13.597853237518585,8.547561408155422,6.232652918746686,10.910155530082182,rain,648,554,0.7357356910969648,2519,6,24.628571147812412,26.880043880752208,30.32130018684279,45.786180241461224,0.9165839617372482,45.620456094091544,62.34306783040622,0.7840251388675233,-0.6832086019635407,-0.5675978561989705,2.034831597030035
2026-03-20,Lyon,24.859113450863678,2.267092775769391,13.18193893893072,11.886108752557865,clear,586,553,0.6279998613696716,2795,6,26.81338269598993,31.069711459147943,33.11417143237743,57.48850379428187,1.0370175764490528,60.79967467684693,73.57098325600337,-0.26840600599469244,0.6434682491845957,-0.08921932864445213,1.0010935838237403
2026-03-21,Lyon,21.539008844460295,0.24571920156822186,11.885727484493582,11.163713931981457,cloudy,687,312,0.4959028131900713,3759,14,32.91379289501647,35.94771130463166,35.32245265115579,59.15631933105344,1.2182955408831033,74.4641487163849,87.85666851077552,-0.6071317650759148,1.8377551153059328,1.5816390067271264,4.026525887108974
2026-03-22,Lyon,13.557763101213375,2.5579702337210763,15.979226275488408,10.043254444769936,cloudy,575,504,0.5944277207096521,2804,2,22.106101188634554,33.82745254599637,30.24326326609489,47.61271208909857,0.9639723368622488,50.37299686364713,67.67799646177905,-0.2196630675285861,-0.26783242243674016,-0.07362002883289176,0.561115518798218
2026-03-23,Lyon,22.041263778572358,0.24939122942444264,12.654261399025327,13.05387482526358,clear,698,572,0.5287297562505869,3954,9,26.781871844247494,33.203034755037635,35.76855130488631,57.72932333625389,1.1963617562283047,67.52428902248948,86.21391142774632,-0.6065164357578509,1.2312053673125312,1.9196238359776014,3.7573456390479834
2026-03-24,Lyon,28.102667225829386,7.635937110003994,5.795628843341774,9.440846066528596,rain,408,578,0.6743694741004171,2021,9,20.5570682037806,29.772862998687827,33.39221766343471,64.92343857258848,0.9594419844216537,58.31592316057799,59.58469107672543,0.6312623659049545,0.4263862154373788,-1.430759112438645,2.488407693780978
2026-03-25,Lyon,16.875907111521606,2.390151490312659,13.259934568515806,12.397116725792584,cloudy,486,568,0.45157060676673355,3150,8,23.769297385755692,30.791297217608847,36.029594808039384,47.357224394220204,1.0279863694661897,55.45761881900023,77.57927868932308,-0.24778480216219415,0.17656794035071222,0.526086386144874,0.9504391286577804
2026-03-26,Lyon,12.82817516420577,3.8269935420582226,10.383833769445479,9.296630788767333,cloudy,545,509,0.6796794862811193,2497,2,24.163336161098737,28.732628447514042,34.531073714618515,45.379562972630254,1.014086665495797,51.732268066427466,65.73311514246473,-0.007010201727598403,-0.14903094202261397,-0.6057294779605625,0.7617706217107749
2026-03-27,Lyon,15.120633735113337,5.429785110462966,25.406573283825708,11.390892723025486,rain,520,537,0.603960514653619,2504,3,18.920269016162877,30.529025606983232,25.94965535404722,51.641912310253076,0.7281960423312004,40.07279743517774,62.470938303571685,0.2615729031403042,-1.168078773687259,-0.5935966892182378,2.0232483660458014
2026-03-28,Lyon,20.476604034738596,2.7418600356051344,12.121810868811131,12.244019629290722,cloudy,415,442,0.4600950259239522,3462,10,23.878010573986863,31.63569522143398,37.4925791822439,54.249744087162966,1.0329737201401619,61.116240411206014,83.9297246981304,-0.1888482723192993,0.671136368551296,1.066862112945634,1.9268467538162293
2026-03-29,Lyon,32.800422691343975,2.131911114154985,13.239135082002047,12.485040851225039,clear,352,683,0.7801545300161531,1953,5,22.130208282357753,32.92261384902558,32.05365225878953,70.09469891308049,1.0439475545474124,64.68595699604847,54.01621101619267,-0.2910586771924428,0.9831326898672254,-1.5486204887926567,2.8228118558523247
2026-03-30,Lyon,20.899227093640295,1.6821455924840334,11.865164711061162,15.624897115993857,cloudy,436,481,0.6584479394678833,3622,2,25.85085328337442,38.23547958077781,34.545179069363506,52.92914325691672,1.105902443501498,65.09590152704496,85.54970176294991,-0.3664268177880087,1.0189621969372191,1.344182998484485,2.7295720132097125
2026-03-31,Lyon,23.538759677277376,1.3169753338816221,9.561095323691191,13.85896501468954,clear,507,564,0.6473843185457648,3529,13,28.184051405952893,34.32485778722197,34.45037048324841,56.4256301915992,1.1967478900952593,67.45494197928936,81.09512818404419,-0.4276191548293546,1.2251443756740223,1.1829902337650278,2.8357537642684045
2026-04-01,Lyon,11.1856653556448,5.780357639206265,14.627832854499768,13.241344195101355,rain,691,371,0.4645250607641862,2370,12,25.19440785737682,26.427430049102462,30.52527104645892,42.775839583020506,0.8490085405482388,43.069271488297055,55.93499473556227,0.3203190683356843,-0.9061843461403961,-0.8258529308570257,2.052356345333106
2026-04-02,Lyon,20.888505004666268,0.4741279438433882,19.08349258856785,13.237323919419865,cloudy,531,341,0.48757083926721195,3471,4,22.34000226563444,32.49493198504237,33.0154075164881,56.18345907110855,1.032841430539001,57.794465736407496,85.71168989620064,-0.568856838760764,0.38081038492049935,1.0824614127571943,2.0321286364384576
2026-04-03,Lyon,26.431343067023008,5.4623529627752525,14.649171442706765,8.678078132968018,rain,572,520,0.46969973694756656,2075,6,15.954653725266354,25.595915946068097,31.247686133333968,59.87039775521003,0.859954601717412,45.91386459507953,62.426770408014384,0.26703036564843263,-0.6575644448504031,-1.3371633135692826,2.2617581240681184
2026-04-04,Lyon,22.148091095662927,37.81136049556662,44.0924236731927,3.0,fog,689,641,0.6614289219365848,1595,3,12.363891554646097,14.768287972572619,23.09487174933844,58.44024850678666,0.39790017270129374,19.87459020747785,48.74187556098585,5.687820600525839,-2.933419579446855,-2.1691259701858363,10.790366150158532
2026-04-05,Lyon,22.23319865758543,1.9022704806067563,14.802224230716725,13.363001394745249,clear,609,499,0.7182858566473203,3271,10,25.948684218421942,33.96412209846394,35.198520628196746,54.33169012588456,1.0242432203038605,62.07151623751324,80.28355564445545,-0.3295400340812884,0.7546283031534491,0.7358103058336303,1.8199786430683678
2026-04-06,Lyon,20.141591880652307,2.3982060334963764,7.9742003881777,13.00206668703469,cloudy,643,604,0.45771562139381156,3702,6,25.72220268600677,36.97789144696867,36.67672833393288,52.82122434963892,1.1649773274154749,66.98665113144011,87.78706603042068,-0.24643508566803476,1.1842153499762218,1.4828434412539107,2.9134938768981673
2026-04-07,Lyon,14.787575628864307,41.325825575918216,39.06564177919321,3.0,fog,638,658,0.563762872667256,1093,13,10.491385474418962,16.00459022605414,18.439108076137217,45.20226839028902,0.39895788025350654,8.403090151784168,41.64188192959573,6.27674679769204,-3.9360386200029445,-3.039220248563982,13.252005666258967
2026-04-08,Lyon,27.234889421768663,2.78421680053905,19.33882512085444,12.566064410790432,clear,483,327,0.804924167900702,2498,3,19.435834852708474,28.33062655228565,30.483689817308562,63.54881296940714,0.8965210071384393,52.17496063383196,63.849520995365474,-0.1817504614358581,-0.11033922820685142,-0.6039962224259448,0.8960859120686543
2026-04-09,Lyon,13.252682142872382,3.840473396857251,15.411419946377121,14.130960750130702,cloudy,543,367,0.757396290349629,2765,7,21.22500483979686,28.3145100048445,30.449097445592706,42.911189457148005,0.9121064673174111,42.72782955158051,64.36175814352166,-0.004751354522222258,-0.9360266671388988,-0.14121699468298674,1.0819950163441079
2026-04-10,Lyon,17.41355774949814,6.8940212918642745,19.59913755073832,12.627723926940268,rain,357,568,0.40559694518380707,2670,5,20.887642782950664,28.034325896610444,26.22280682361099,50.099396980700206,0.7484380859392243,39.52129986612458,67.7220114832009,0.5069379946550451,-1.2162801388852353,-0.30587627047167965,2.02909440401196
2026-04-11,Lyon,11.590898374333854,0.22311892888518833,12.899065914520714,11.436430782278986,cloudy,527,546,0.6205710484175099,2768,13,30.326189840051995,35.56672310677546,36.0427953838713,43.724467261599074,1.1919782695180827,64.35921295628178,70.25381513830547,-0.6109189396079795,0.9545749777922726,-0.13601722807913327,1.7015111454793854
2026-04-12,Lyon,13.277747444828615,0.8582651296005201,5.331608494462198,9.58520833670725,cloudy,583,684,0.45940290610461565,4155,11,34.92624974583075,41.42940005351823,39.27334068456356,47.065910011261515,1.3906817484435103,79.73052950087333,76.8858224368717,-0.5044861744275615,2.298041357184657,2.2680081984357834,5.070535730048002
2026-04-13,Lyon,14.647109601614163,4.140431755391081,19.921611992382918,11.572022311548983,cloudy,507,669,0.6994855765869171,2327,5,19.518481383148654,26.473682057926354,30.39574865895668,47.82935718080424,0.8314354427902038,41.379676351485905,65.46174749440539,0.045513289274401014,-1.053856424488775,-0.900382918845592,1.999752632608768
2026-04-14,Lyon,19.752681451737836,4.115772036656865,20.835514571918182,15.24221711557543,cloudy,666,699,0.4782130150203709,2537,9,18.053767755499074,30.89003024889262,30.630301877196384,53.778470389775435,0.8204494885561311,46.5402809149971,77.95104036868301,0.04138100909938304,-0.6028151159382962,-0.5363992565758497,1.180595381613529
2026-04-15,Lyon,12.150198311713286,2.496786358778721,11.884297367876178,10.88904576167949,cloudy,441,536,0.38568986454861454,2636,10,24.51130181576561,32.965372790986635,33.58362668111947,40.514236502715846,1.052915188968277,52.18200679112681,66.18010531089094,-0.22991577625491347,-0.10972338795646804,-0.36480695864868556,0.7044461228600671
2026-04-16,Lyon,16.81306436346741,5.959690158346235,13.133003658117152,9.65285958597575,rain,659,309,0.5896446732963151,2636,4,25.571305721403544,26.657938734503535,29.451693986049182,50.245411001719184,0.8673303151216016,46.855325876530976,70.39083167314473,0.35037019023067584,-0.5752799134336899,-0.36480695864868556,1.2904570623130514
2026-04-17,Lyon,23.97953252423737,5.410420113232629,12.238884778595143,13.265863635511021,rain,461,650,0.4076625218762745,2804,3,26.070636354254482,28.913510887676185,33.24112785277124,59.58889396800707,0.903846795843839,57.62606845012663,69.77338551741269,0.25832787042088523,0.3660923162473994,-0.07362002883289176,0.6980402155011763
2026-04-18,Lyon,21.0146151042565,0.35178539176300594,10.799449607083307,12.329395654874281,cloudy,428,545,0.7203430220774416,4590,10,26.895078294959152,37.22473762547183,35.445355906046046,53.04939715529934,1.2409424009685526,68.40471980938212,89.41092662993032,-0.5893580337651254,1.3081557806451103,3.021974355994535,4.919488170404771
2026-04-19,Lyon,18.187324874503187,3.8353469284875477,16.429326953624525,12.668913579974049,cloudy,448,639,0.5721311367797993,2536,2,22.619915104544265,28.93275332623279,31.033234715583568,52.211495408600456,0.895223478279989,49.25668676470781,76.27805527334792,-0.005610407451426516,-0.3653988919418425,-0.5381325121104675,0.9091418115037365
2026-04-20,Lyon,23.29272136336415,9.926894538809508,6.257265075212368,9.48531939914231,rain,671,593,0.4875772216207828,2365,14,20.16511968967781,29.91521438223757,28.307308009247798,51.75192459047044,0.8733662741852974,45.22681897233622,68.45704733208913,1.0151628502088443,-0.7176128273416942,-0.8345192085301149,2.5672948860806533
2026-04-21,Lyon,24.4205041827959,0.8232295293121082,12.411943504819142,12.447575903277796,clear,601,324,0.26316175368703354,3527,6,27.360975889819418,33.84613420509483,35.01731933705242,63.30234849123451,1.1551834996955492,69.93568813597797,78.75138962273962,-0.5103571625784027,1.4419637383909185,1.1795237226957922,3.1318446236651134
2026-04-22,Lyon,19.91788551963624,5.957174753838435,21.028140389764186,12.686270102033747,rain,369,412,0.27916641078744775,2400,12,23.22007731520087,25.361785072611866,25.98413459826185,55.07082918739933,0.7582298964452376,41.926901199010615,74.9542201905546,0.3499486786841833,-1.006028498853072,-0.7738552648184911,2.129832442355746
2026-04-23,Lyon,26.619374018936064,0.6429055100578775,17.919640926629818,11.28141581842588,clear,390,317,0.7395560016482003,3200,6,24.126668162813356,33.128525615664294,31.067544597668018,62.44463365476878,1.0433559673273032,61.309082675408845,71.34992741057881,-0.5405744322024032,0.6879909494670449,0.6127491628757651,1.8413145445452133
2026-04-24,Lyon,22.953274153461546,5.641352111382236,17.028087965701893,13.430014027602281,rain,450,491,0.5896030122000505,2247,4,18.735715715787066,29.45478152249929,27.453097968806457,58.86613405562379,0.8179832010187009,45.948472383564706,69.80333310979732,0.29702562395230864,-0.6545396941623227,-1.0390433616150176,1.990608679729649
2026-04-25,Lyon,22.512083160935138,4.7190033699897205,21.910794955187637,13.297419775179286,clear,479,499,0.7588817880588936,2726,8,17.19674944821421,27.909679063570838,26.17246854028464,57.536853407071185,0.7863142007292624,41.433973491086284,70.75957422204678,0.14246573380965785,-1.0491108074598972,-0.20881396053308174,1.4003905018026366
2026-04-26,Lyon,19.164409598415727,2.6648376299578596,11.55229839459817,12.98991103512305,cloudy,677,536,0.6721254224998529,2934,6,27.06123900735139,32.117344106984426,30.45403039572098,53.99091653237072,1.0507418530327708,57.79287624703257,83.49236568462443,-0.201755076460857,0.38067146217244296,0.15170319066742488,0.7341297293007248
2026-04-27,Lyon,22.09126277393,3.309611357018149,15.955495340099517,12.092873096312298,clear,536,657,0.3957855388267105,2728,14,20.85581590292059,28.81891728598151,30.979074236402855,59.230867400931416,0.9268889350446843,52.18835481710282,76.88347430587334,-0.09370900673797758,-0.10916856498801648,-0.2053474494638461,0.40822502118984016
2026-04-28,Lyon,13.200719295100404,4.34518868356045,22.475668727587056,12.42726084885702,cloudy,301,659,0.5983700351502621,2177,13,19.900125356579164,26.53390344350051,29.68087466139589,45.941606947466475,0.7923509324490112,39.36770262404422,60.56839401623625,0.07982483208197835,-1.229704670876606,-1.160371249038265,2.469900751996849
2026-04-29,Lyon,21.332902733474683,1.569223114612524,14.52352233806524,12.558043051540679,cloudy,407,631,0.6983020840517109,3375,8,26.29320557170212,34.68290312616828,31.862980009494272,49.04946201234271,1.0511072586018164,57.615686646054996,83.49829322100335,-0.3853494714342925,0.36518493757965687,0.9160688814338835,1.666603290447833
2026-04-30,Lyon,23.039482548582697,2.7601160704195253,15.87772914945254,12.817024696754853,clear,680,519,0.5886628810214126,3011,11,21.470191529927735,32.707750691619054,30.854175201453582,56.96911851644344,0.9553022858549334,54.489839421515484,75.76297013669264,-0.18578907073022063,0.09198318279805814,0.28516386683299705,0.5629361203612758
2026-05-01,Lyon,19.068138028184542,1.5637804008641216,15.66484837073438,10.599758370121654,cloudy,461,546,0.44531893470761696,3075,5,26.881829274394317,31.770319336859426,27.938482995158267,49.87116151180476,1.027412964399395,52.65838951590452,84.01559827081343,-0.386261518257017,-0.06808712520658844,0.39609222104853753,0.850440864512143
2026-05-02,Lyon,25.975233144624212,0.34725052811889273,16.835511333940335,10.948389225374086,clear,577,339,0.5534994262970766,3230,6,26.579284262639817,33.231871041317554,36.02763647516345,59.7037424059407,1.0870994110503,66.70442557696136,74.23727128444774,-0.5901179502643747,1.1595485920737574,0.6647468289142996,2.4144133712524316
2026-05-03,Lyon,19.34480796500502,1.3277264130937427,24.40578534720295,9.540261243518371,cloudy,490,481,0.3375349557705709,2772,11,21.309034545270098,27.14703593470393,28.8988417023705,49.42996175549877,0.8964018034638843,43.82303378996011,82.16650788308857,-0.42581757420440397,-0.8403048681269115,-0.129084205940662,1.3952066482719776
2026-05-04,Lyon,19.111298392562972,4.033749321513899,19.936544496283126,12.487601427542398,cloudy,465,398,0.614434450030522,2833,14,19.93413301418914,27.386015005132094,28.648590266977134,57.232664598541184,0.8352751171145101,45.844201977326335,76.82951139110234,0.027636292732600817,-0.6636530179781754,-0.02335561832897497,0.7146449290397512
2026-05-05,Lyon,17.179606846316357,0.5164221836644417,19.362286641400722,11.555174443088868,cloudy,572,316,0.47674124037744525,3278,7,28.161458459888088,30.408438581200972,27.990867698639914,50.417127509716515,1.0247244652767062,52.90619135737236,80.65783700259391,-0.561769505340067,-0.04642902963632308,0.747943094575955,1.356141629552345
2026-05-06,Lyon,14.265206856332803,2.094440760619407,18.16633751151788,8.948949658150521,cloudy,561,462,0.32209808867847367,2799,9,23.751272866918928,28.44365987557496,29.209925890963287,50.28335816622443,0.9499126295288842,48.10505092878342,69.66455496949813,-0.2973376619908843,-0.46605286145574476,-0.08228630650598086,0.84567682995261
2026-05-07,Lyon,16.540459650593778,2.236235176142533,16.21669724661346,10.578256139177517,cloudy,582,568,0.6226669907918407,2262,2,23.024146386215033,32.12029148798139,29.422096544712478,49.73467066326295,0.976962476425282,50.496140749024875,75.7944659517893,-0.2735768779158624,-0.25706954019742034,-1.0130445285957503,1.5436909467090332
2026-05-08,Lyon,16.654394594436784,2.497336140998238,13.852986986348238,11.835697643214862,cloudy,359,305,0.4195029711287638,3191,6,23.509301213417263,30.19489442986076,34.12891575694863,47.20751949405812,1.0090988960343146,52.8097898089704,76.49779397824007,-0.2298236481089774,-0.054854608461902994,0.5971498630642047,0.8818281196350851
2026-05-09,Lyon,25.586479157940637,3.1547725870629577,17.283766095768918,12.919858051644288,clear,516,325,0.5785635834887587,2430,6,22.833540546031248,28.562088066529114,31.024171376578973,60.020621725092056,0.9116713447504334,53.5796463554542,67.93500339810919,-0.11965566031931867,0.012431520488452318,-0.7218575987799565,0.8539447795877275
2026-05-10,Lyon,23.037571635747522,0.830059796821848,16.616228814544897,12.39304233940294,clear,358,541,0.3859664281167647,3382,3,26.86465976209432,30.772580714794874,34.92366774856433,57.587480573548184,1.0565136819128222,62.594322428272996,80.3055200435428,-0.5092126004962163,0.8003220170384234,0.9282016701762082,2.237736287710848
2026-05-11,Lyon,23.54501878794256,2.1448008527453117,22.200586077247365,12.749955876679417,clear,312,690,0.6308093464078763,2459,13,19.049907383647938,30.018495427096862,29.35806088102985,54.838346693251985,0.8853456220839093,47.274173068980616,73.57564428777626,-0.28889871698316166,-0.5386723060419227,-0.6715931882760398,1.499164211301124
2026-05-12,Lyon,16.213002415508456,0.45721485692370173,13.419510657817366,12.256208829821578,cloudy,538,636,0.5900009145674981,3461,4,27.833546060294946,37.04323630546214,36.87144639136794,48.69889913341061,1.1584304946388604,66.37374285256877,80.88429533818763,-0.571690999787897,1.1306466355511307,1.065128857411016,2.7674664927500436
2026-05-13,Lyon,16.594741712625595,4.661192704919244,11.736880103488046,11.446202320407243,cloudy,421,343,0.6571914685954927,2577,9,23.185528348957398,30.145113630276068,33.725348795064306,48.292712890404076,0.944744611915296,51.61770571506808,72.8164347031458,0.13277828085246451,-0.15904379075609676,-0.4670690351911369,0.7588911067996982
2026-05-14,Lyon,19.873054768077566,1.9791406871141237,11.559201549498637,8.832194353028553,cloudy,626,662,0.4544760325414991,3186,3,24.941508837666245,31.84652508018827,30.327388738836994,54.34324008379724,1.0935413871037662,56.972243328806485,86.8916573751813,-0.3166587342650343,0.308947434353413,0.5884835853911156,1.2140897540095628
2026-05-15,Lyon,23.802073280721487,4.475786133719175,17.127287808924823,11.951646045803741,clear,440,613,0.5067176956186443,2085,6,24.3664948604939,27.627578979398386,27.539455254362668,58.93620734132992,0.8581949098469361,49.471637765152906,69.75091782183918,0.10170931746542265,-0.34661198832971474,-1.3198307582231044,1.7681520640182418
2026-05-16,Lyon,17.144976401802133,1.8094664833172176,12.983552490134398,11.992794921818863,cloudy,623,595,0.5251707772970009,3134,12,26.581882843400546,32.658194625291294,35.64344273545438,48.94924789358751,1.0701823242927615,59.97685449178019,79.79507359587184,-0.3450913922413424,0.571553052349258,0.4983542975909889,1.4149987421815893
2026-05-17,Lyon,14.208176554037287,7.320880855503102,19.386811452878355,10.247362664051638,rain,651,536,0.4842611323932158,1919,3,18.22095153686929,25.852681754562273,28.115003180147333,47.14426804944107,0.7397445404947007,36.066663675442726,59.15727795087531,0.578467736391073,-1.5182183340781685,-1.6075511769696627,3.704237247438904
2026-05-18,Lyon,20.18830116583969,1.7987946001477662,14.56930777258318,9.996759980210168,cloudy,579,570,0.322829453622885,3353,12,22.153507463581334,36.838094668090896,31.786682926820827,54.44649643617694,1.0355173654147816,58.71072430049139,85.75734019035409,-0.3468797018212908,0.46089217701072704,0.8779372596722915,1.6857091385043095
2026-05-19,Lyon,18.594498535570224,8.769645436869745,18.20421430633505,11.013074367271969,rain,563,370,0.4184604323824519,2255,9,19.600794609241948,23.488807101412924,27.086579860821537,50.95901776737768,0.7183636211447992,36.16243916150217,68.62341034220529,0.8212402198234537,-1.509847473643569,-1.025177317338075,3.3562650108050978
2026-05-20,Lyon,17.775083393130704,2.98054241105374,11.007273421969089,12.119260739840348,cloudy,424,612,0.21158015387605839,2995,4,25.738258675446268,31.8396380941363,32.960068048357506,49.237025378785646,1.0453578596248903,56.218956376406126,79.58252229848927,-0.14885177200139602,0.24310950227719702,0.2574317782791119,0.649393052557705
2026-05-21,Lyon,16.76531611147213,4.190022644375326,16.967426927108747,10.84107345185986,cloudy,669,496,0.5092269545080521,2467,6,19.78013675457572,25.614016539305883,28.11058119350436,44.97133084637028,0.8718984811294066,38.21838660802916,71.78992156605912,0.05382333731751919,-1.3301558861211924,-0.6577271439990972,2.0417063674378086
2026-05-22,Lyon,25.44504990892387,2.58960197988524,19.750727354994158,16.15052174525053,clear,470,681,0.7939570608502949,2425,14,21.37510906161638,27.919047174564856,30.292913154743502,60.623275339577226,0.8994654736496017,51.58780783507812,68.61961936507312,-0.21436247026775807,-0.1616568913623524,-0.7305238764530456,1.1065432380831561
2026-05-23,Lyon,16.55406090955216,8.45125957685931,15.98955391731324,9.936847506259685,rain,305,587,0.5881387419611495,2057,11,21.549588338080444,30.729953970852907,29.80460202723319,48.95865791271242,0.7517714400559152,44.37394289398694,64.82050585471428,0.767887641413804,-0.792154935281917,-1.3683619131924034,2.9284044898881243
2026-05-24,Lyon,17.3535088122689,3.9412717639219883,20.646622187697503,15.455086340201422,cloudy,395,528,0.5415117266650157,2451,11,19.60147360960546,29.090290378574213,25.456856535042036,50.19380472239572,0.829412755451262,40.193638216306546,72.36894367107882,0.012139636749217473,-1.1575171847540595,-0.6854592325529822,1.8551160540562592
2026-05-25,Lyon,22.18161834837016,2.4163968362320856,15.600156633591306,10.995488567611753,clear,678,622,0.2773031161919268,3392,11,23.097566367263475,32.00444724654735,32.53929289007422,55.12882093725813,0.9786936118675598,56.04399310110486,78.82199905708822,-0.24338681515357288,0.22781756047678367,0.9455342255223865,1.4167386011527432
2026-05-26,Lyon,21.057974851901967,5.572918114833853,14.44633285459652,11.033627075401252,rain,596,688,0.5358311928336996,2881,7,20.356313090040736,28.93944332535837,27.723040699371726,57.68180669183093,0.8592529206725552,47.077196965901095,75.75983760743968,0.2855579973227414,-0.5558881880558922,0.0598406473326804,0.901286832711314
2026-05-27,Lyon,27.869933816450164,0.38416553237608786,16.12225909279986,14.094196605224308,clear,492,449,0.5142089846115556,2969,8,27.214105499631746,34.004733301266164,34.11167705718789,62.5101393458586,1.0997877516375631,67.74392660452193,69.688926901461,-0.5839320264954612,1.2504018822145324,0.21236713437904858,2.046701043089042
2026-05-28,Lyon,28.419638457289345,1.4757864284767006,6.835238597290083,10.854463150902948,clear,386,569,0.5610151778861678,3469,2,28.230753692572407,36.88111486082814,37.2360471653094,64.50559611016452,1.274166826847382,77.31719257308173,70.05036435859914,-0.4010068505755521,2.0871136194577984,1.0789949016879588,3.567115371721309
2026-05-29,Lyon,24.002491208829863,2.742432135886988,22.38270174862948,14.760182708294902,clear,628,578,0.2845812107025109,2459,11,20.26447448828805,29.460717462234363,28.910359995055586,57.41636795941749,0.8554951703836737,48.18488173253951,70.96782198371992,-0.18875240428940382,-0.45907558006445676,-0.6715931882760398,1.3194211726299003
2026-05-30,Lyon,16.872186492452354,3.297059358382327,16.619000638029725,11.41702004201302,cloudy,346,671,0.3560287684362029,2637,8,22.830908598225705,27.349870819654434,26.89407381648582,50.236414639812295,0.9161112789814332,44.082298033196416,74.04246055860219,-0.09581237116312377,-0.8176449487142737,-0.3630737031140677,1.2765310229914653
2026-05-31,Lyon,11.747543949811192,2.2260937084791017,18.858493553241722,6.302914758739849,cloudy,536,547,0.3757324234131455,2584,10,21.314422697625808,29.225816627215806,28.590909401250748,46.51491701917857,0.9314625142523789,44.07306321319509,62.7881045386927,-0.2752763046701926,-0.818452079980846,-0.4549362464488122,1.5486646310998509
2026-06-01,Lyon,25.743828501860516,0.23175909104675757,16.87140027788653,11.826310445739617,clear,613,393,0.6481158393784917,3015,8,24.581195638164488,32.69087922401594,34.00925080685043,58.13936560558725,1.0952090563010382,62.51322948454303,75.13774120608976,-0.609471089728019,0.7932344235202549,0.2920968889714683,1.694802402219742
2026-06-02,Lyon,24.03646562405542,0.544205696064132,12.661493993440544,12.69300776346143,clear,565,398,0.48099742584605576,3738,12,24.521033846721952,36.087727963476084,33.628549233425126,57.04076853507819,1.1711066696609682,65.25661880580348,80.3723527133967,-0.5571137645865317,1.0330090263010634,1.5452406405001522,3.135363431387747
2026-06-03,Lyon,19.76539710560408,3.5230161790527834,4.524212386600073,12.508347784492404,cloudy,631,420,0.6236811498117995,3650,11,29.29858117526272,34.48329731604677,34.527504425375554,51.926215590779876,1.204591741468404,66.1662891384714,87.19476667875772,-0.05794831843282774,1.1125150012593392,1.3927141534537841,2.5631774731459513
2026-06-04,Lyon,18.703747787098873,6.141825224799844,22.503798953171554,13.700443484226986,rain,486,645,0.5262604177894015,2204,7,19.352096823505157,27.866911911606643,23.565605517173694,52.66981272201994,0.7372611225502754,37.20388690619346,71.12201825867118,0.38089094078723174,-1.4188240387394802,-1.1135733496035838,2.913288329130296
2026-06-05,Lyon,18.256739327960705,1.6572494220972562,19.235395049925174,14.44500182977376,cloudy,538,603,0.4462938253879097,3040,11,24.831463994300464,29.46171280100418,28.669821176848032,52.750014247807655,0.9559143555263883,50.50917059707758,80.32589867984144,-0.37059872065648714,-0.25593072019221025,0.3354282773369138,0.9619577181856113
2026-06-06,Lyon,26.072546426526742,2.145236054337448,20.15141727015921,12.477578318053027,clear,545,429,0.2903198044832612,2831,11,24.30725284087044,31.13564782842655,30.98510687092652,61.482883187049374,0.915197291705812,57.18035445284041,67.9587216914761,-0.28882578935042164,0.32713652684305494,-0.02682212939821061,0.6427844455916872
2026-06-07,Lyon,18.704789270896484,1.9343522160557862,15.241925591429018,10.624913097320817,cloudy,371,562,0.6927324655861065,3669,8,22.467664467917626,33.373794409155146,33.5079882756102,50.16963048776525,1.0132844789343112,55.37094261543142,82.35619751046393,-0.3241640311834024,0.16899236508685858,1.4256460086115228,1.9188024048817838
2026-06-08,Lyon,19.345420136151255,0.7356378987991086,15.393175951580453,8.003598630935784,cloudy,311,440,0.45546721702035897,3389,12,26.519749547237108,34.72823619117439,34.92321928710445,53.06452492512707,1.0895395045772063,63.26206683182265,87.04081611938818,-0.5250350736351963,0.8586834562550288,0.9403344589185331,2.324052988808758
2026-06-09,Lyon,24.58163837351241,3.1647228855322527,4.495405692740411,17.875505694335548,clear,675,591,0.4613774351896293,3468,6,26.89094519722577,35.702861376709635,33.490567237686456,59.39584471798493,1.2303040172759028,68.84661489466465,77.11583471792626,-0.11798826818304388,1.3467777938326992,1.0772616461533409,2.5420277081690843
2026-06-10,Lyon,15.644331179812417,3.31773933563417,20.540914083687582,9.920188145748938,cloudy,450,699,0.3337233361000432,2686,11,20.61912401589757,32.255116785411516,31.050099959072053,50.712293549553095,0.8556447404517473,48.641655418968774,69.43454317318188,-0.09234698451623384,-0.419153164249999,-0.27814418191779455,0.7896443306840274
2026-06-11,Lyon,23.06386952531285,0.71731886023704,16.38284576297464,10.69857292530982,clear,680,592,0.6762257019723996,3523,14,26.330217989452027,32.21746321575897,32.272147588860996,57.30890483074218,1.0693756503898286,61.0105942829825,80.64932014251178,-0.5281048328928473,0.6619028054424024,1.1725907005573208,2.36259833889257
2026-06-12,Lyon,25.365436727051566,1.996757182016186,19.35033865344377,12.99136377594521,clear,574,405,0.3942184268734042,2775,6,23.086272129134507,30.60644613480118,30.592921908471244,59.857327117775604,0.935490279186612,55.12903726071136,70.37946641573406,-0.31370670170449705,0.1478496275654106,-0.12388443933680854,0.5854407686067162
2026-06-13,Lyon,20.752094525717883,3.213870640005237,19.81482764557065,12.615241510902104,cloudy,584,447,0.6412663104211289,2404,10,20.216271625439514,25.519955851918223,32.070510735439534,59.31357256739229,0.8702251443207742,49.44265715762208,78.92742833374054,-0.10975247710836433,-0.34914491852857465,-0.7669222426800198,1.2258196383169588
2026-06-14,Lyon,17.75539586195102,2.482205294372936,20.52762966478992,14.374060611120761,cloudy,523,571,0.42904559542955484,2967,3,24.259329978533483,26.31930123426165,31.457913486512602,53.35402763758285,0.8930328208338492,49.54405143967529,76.59302903682699,-0.2323591554363266,-0.34028297045757155,0.20890062330981293,0.7815427492037111
2026-06-15,Lyon,23.19365111014592,0.6327252367825695,11.141858387915608,12.59325663935235,clear,440,617,0.7851694196794708,3401,7,27.313289001998154,37.118046278392406,34.187530934322155,60.89023932180258,1.2060082199620434,71.06749951072662,82.98434677397502,-0.5422803616935393,1.5408850328277113,0.9611335253339469,3.0442989198551973
2026-06-16,Lyon,25.02571286639009,1.8294914704655123,23.068556345293235,12.907068603027959,clear,666,628,0.6285092525353023,2350,8,22.507475699199556,26.905211847821654,31.153561074992787,62.1484167866486,0.8888366927384466,53.043556808525885,70.36858695563167,-0.34173576364355657,-0.034423170230626014,-0.8605180415493822,1.2366769754235647
2026-06-17,Lyon,18.779216823546758,5.097095171217998,20.234600638250058,13.139900610682766,rain,415,538,0.5957593208447751,2413,10,20.274016313132815,27.482928562824448,28.091953983926626,50.26649928196365,0.7938876505430532,41.23120585893954,73.87078663081832,0.20582336052843353,-1.0668328741304975,-0.7513229428684595,2.0239791775273903
2026-06-18,Lyon,23.607331368925372,3.9926929520947136,14.249722064837366,12.251152906943085,clear,349,637,0.5715015823893834,2566,6,22.216202853302175,30.652361364427502,30.177004905819516,59.930328496189624,0.9259835185071594,54.06083464774601,72.41660702889652,0.020756391820604066,0.054487794001259755,-0.48613484607193297,0.5613790318937968
2026-02-19,Marseille,22.13464087858065,2.3671499863580268,8.609887082818119,8.712518568823885,clear,464,577,0.6222675561791926,3336,11,26.17327951544744,34.130734755914716,35.79360886085665,57.00527408790287,1.1478821318921304,66.49925176160475,82.51285559170705,-0.2609754665070431,0.9566829710011474,0.7575554382549257,1.9752138757631161
2026-02-20,Marseille,18.574182505000763,7.550864619839369,11.805191261552489,9.353820413185003,rain,394,434,0.5417528285048653,2340,5,19.925226663059245,29.607725548282747,27.5797534185743,50.835121087966215,0.8374334912685215,43.088275079020804,73.00703568880165,0.5561337802158219,-1.005233482524642,-0.7949922045412247,2.3563594672816888
2026-02-21,Marseille,31.210075800681846,5.265226844830572,3.7545213597203038,10.634015339297754,rain,488,638,0.6839430805163154,2264,6,20.887433226869863,33.19611556000945,36.406042398676234,63.30750558847333,1.1273165424499005,65.65731191886903,56.90551598076298,0.19584856147404728,0.8861256571078331,-0.9134596953569952,1.9954339139388755
2026-02-22,Marseille,23.29571061136211,5.709386754562711,8.05213766618202,8.709202506086216,rain,437,429,0.49497585011393835,3291,3,21.71142341382765,31.762611421780772,26.85631953078628,56.933455506615005,0.9807631847143041,51.00595086109827,73.20329328846317,0.26586151452543566,-0.34170634304837766,0.6874102134297984,1.2949780710036116
2026-02-23,Marseille,28.112852160048202,47.567995059035965,43.39986537758378,3.0,fog,443,315,0.6569068043291998,1875,8,13.925650712918529,21.003963265677854,21.95043003274826,61.88248855557561,0.38219621408485177,25.7986686083638,33.50015836889762,6.864036437122419,-2.4541590813870973,-1.519826194400873,10.838021712910388
2026-02-24,Marseille,21.73657155999518,3.286953208633389,11.23017705566662,11.438649846266452,cloudy,428,694,0.5777763305244872,2767,8,22.539180021973706,32.159159687810465,32.6114578917221,59.79974339211071,1.0229718749635137,59.094689108707485,80.01711918724367,-0.11598682974215047,0.33615639080559134,-0.12939196008946144,0.5815351806372032
2026-02-25,Marseille,14.535215929023073,2.1272773612643934,19.854503659671547,10.765106775081804,cloudy,666,605,0.5826194998486045,2739,13,24.35557523483029,29.65117276049218,29.674556768277732,53.4716825334321,0.9206982764877942,50.92000838899021,69.62835813411627,-0.29878660270148705,-0.3489086034397998,-0.17303787775842952,0.8207330838997163
2026-02-26,Marseille,13.439484194575698,3.299875943707599,10.051859317148313,13.881542375976432,cloudy,685,405,0.6495171593727267,2628,9,26.264973820738163,31.176244830382338,32.060574336772355,44.37247155348464,1.0505892110373185,52.873502901410106,68.54530992500678,-0.11394981824196389,-0.18519937089675523,-0.3460627656604101,0.6452119547991293
2026-02-27,Marseille,18.087563032308452,1.8809329562344879,10.15400194843117,13.102074604485075,cloudy,595,605,0.44196563687215734,3462,12,21.938623077166277,35.16431113275954,37.52134354050384,48.443961234275534,1.1373861064433528,61.00616400081513,83.3991000102486,-0.3376178859531258,0.49634424166604985,0.953962067765282,1.7879241953844578
2026-02-28,Marseille,32.233132504152366,2.8472118215191724,7.035031332341654,12.880949475920797,clear,395,680,0.3990595968511773,2428,11,27.385423059506444,33.74023795409794,35.438753274263384,68.3350986915337,1.1637448933874204,73.06504961353006,57.078396269023045,-0.1853032908098483,1.506918316192853,-0.6578193204387536,2.350040927441455
2026-03-01,Marseille,22.901811005366593,3.7419103529553763,12.105183724029146,12.127376787303232,clear,632,660,0.3924788890596782,2898,7,20.87957978012631,28.904096509222292,29.672473176832845,60.170809622414325,0.9799844544480756,52.592080012057394,75.70454584701841,-0.044271907958645405,-0.20878352992206387,0.07480858329035352,0.3278640211710628
2026-03-02,Marseille,25.359806666233045,2.647178643591066,15.244300351628521,12.081183382407765,clear,541,662,0.5925626535492252,2975,12,26.047251360305516,30.081492499960692,33.67288420560704,60.085400320687306,0.9730366403222608,60.291645166925335,70.49265162514988,-0.21683453257240745,0.4364652252726282,0.19483485688001576,0.8481346147250515
2026-03-03,Marseille,19.490041560966223,1.174284711539817,20.747098641318573,11.398191961277282,cloudy,388,621,0.42297235508119535,2904,13,22.524229166698845,30.48804947863477,31.55094612691329,52.27716028742947,0.958877734179961,51.88322598363999,84.12322519235957,-0.4490068908939155,-0.2681878170800078,0.08416127993370381,0.8013559879076271
2026-03-04,Marseille,21.62338388247285,4.361959639059542,11.407963672154013,13.789848753888883,cloudy,500,309,0.48731356813511645,3331,10,23.345144187857766,32.09295983203525,31.34358986465653,56.03362646321606,0.9650706351746661,55.48206091373411,78.00851042883225,0.05346649797659106,0.03340632649656367,0.7497615243854671,0.8366343488586218
2026-03-05,Marseille,21.52525160853986,6.199890475641638,16.197387308529482,10.435964726184785,rain,423,463,0.3893721371973342,1995,9,21.220393785462754,28.270784371435244,28.401462826858456,54.88193981609153,0.8116016678450582,45.46570197642105,72.7882925208334,0.3431796453223837,-0.8059973288901711,-1.332772261533867,2.4819492357464217
2026-03-06,Marseille,34.11347814567537,0.5507348447064012,18.168884404660492,12.827598194902997,clear,356,377,0.8940965924939722,2575,3,25.277473671544247,29.194317449048473,31.995245229488773,65.99305395818192,1.0449533532297888,62.12579525529968,52.778275450072634,-0.5472970935782043,0.5901730045509864,-0.42867825267667115,1.5661483508058618
2026-03-07,Marseille,22.073561705611457,2.063974132546609,21.122922188130715,15.246793124598092,clear,579,693,0.7933289652324144,2806,6,18.742609161900837,25.45751981806939,32.17319742555097,56.5162376786724,0.904709636438692,47.59536133703172,77.81324833606463,-0.3087650944183382,-0.6275249056061154,-0.06859943190768447,1.004889431932138
2026-03-08,Marseille,15.315260199868398,2.960852295753077,14.558589758243725,17.159418675308636,cloudy,427,613,0.2997101111682708,3317,13,20.871486730330385,31.61031432644761,33.140296272702244,49.39528335213682,0.9697792388381528,51.5341972173663,71.77162625201348,-0.16739013608124143,-0.2974375698173882,0.727938565550983,1.1927662714496128
2026-03-09,Marseille,18.981627160151348,7.967377114836149,19.881919767310514,14.208098272966708,rain,472,321,0.5699660353695944,2476,14,17.995761367240483,25.233685131768663,28.780644419806844,51.83946091685631,0.7186590812112827,38.167117737329036,70.00710902821797,0.6217886696341681,-1.417642571216651,-0.5829977472919512,2.62242898814277
2026-03-10,Marseille,24.51342674497993,1.3591991594901731,13.104361295062564,11.592839279795276,clear,463,447,0.5666915152079914,3207,3,26.015524265821906,33.100702733311095,30.069660310783572,61.249248455264514,1.0977895209653126,62.098710616852394,76.74468768876712,-0.4198588154391107,0.5879032232202889,0.5564724604228941,1.5642344990822936
2026-03-11,Marseille,20.09159543025678,0.756035427773841,12.067179602186407,11.604929548606064,cloudy,664,422,0.3191866713587121,4053,12,31.510097641717813,33.54722365453571,36.42165539621409,52.425926956784934,1.1697776955864896,68.34184986388424,89.92897987647012,-0.5149355504294953,1.111098721489115,1.875202687135287,3.501236959053897
2026-03-12,Marseille,19.20479776395676,2.4063614346226747,16.16892955895374,8.888208707592746,cloudy,542,530,0.5165260548728664,3302,7,23.63679966031853,33.61578591610469,30.101808721019445,53.01638448796436,0.9685612015082201,54.1239992185365,82.07065124805513,-0.2547945635793445,-0.08040368753388225,0.7045568239426072,1.039755075055834
2026-03-13,Marseille,24.654401161072286,4.636857073754533,9.13698371569342,9.53306379743979,clear,386,441,0.6448663699551772,2977,14,20.465851387072178,30.085258255543923,27.91150317273886,60.44363763303674,1.0034428690044166,52.162337970999175,71.11011250365628,0.09679859699663654,-0.24479731920370001,0.19795242242779917,0.5395483386281358
2026-03-14,Marseille,26.474989503884373,9.570172689854694,11.474940721207956,11.888461844684588,rain,343,468,0.4182515384230392,2153,7,21.404008844211326,25.920919574217926,28.68905203977039,61.118526494160356,0.7870366863154086,47.09413166221875,57.97196082749089,0.8744374316811998,-0.6695295925247308,-1.0864845832589758,2.6304516074649062
2026-03-15,Marseille,25.79163456260861,2.501405068550232,10.046538056811483,13.258827169773575,clear,408,582,0.5847168883788358,2970,5,27.45451337778923,33.89458362396415,29.339858826759844,62.82992311131597,1.098671132302018,63.87495991305705,72.26312233154236,-0.23981282989694977,0.7367587266465936,0.18704094301055715,1.1636124995541004
2026-03-16,Marseille,18.425204661086518,2.5133521518406523,11.322350287051167,14.472186350420875,cloudy,505,634,0.3477769638972602,3586,12,24.52908318063342,30.318771289016205,31.878939363478437,48.306106296210935,1.0654084384899865,53.2662579507967,82.11157028375133,-0.2379296104456092,-0.15228521254939645,1.1472511317278549,1.5374659547228604
2026-03-17,Marseille,28.456550602971344,3.9120885397875096,12.330454493416001,9.185711947570168,clear,489,587,0.35537355400266546,2703,9,20.839953470740763,30.848919995652768,31.569866783696842,64.76073839207595,0.9669866046609423,57.73127868532158,61.35895110215607,-0.0174467102224653,0.22189813585037188,-0.22915405761853133,0.4684989036913685
2026-03-18,Marseille,23.364983779866787,4.456730328341486,26.596647699908473,12.786635678788743,clear,394,577,0.5684659126881414,2050,3,18.913318108988438,24.00565118876099,27.313497032296738,57.16356564194438,0.7453449186730721,40.00582589627388,67.70171490396805,0.06840520737822516,-1.2635528107091518,-1.2470392089698226,2.5789972270571995
2026-03-19,Marseille,23.960245582450156,1.7272418163275545,17.518680231062127,13.164791919968126,clear,388,371,0.3157760166337211,3174,8,20.385090662325858,29.364599519534423,33.142960677734905,61.92888300305008,0.9818326929238113,56.516867981384046,75.26476327036863,-0.36184422949954753,0.12012654495534793,0.5050326288844674,0.9870034033393629
2026-03-20,Marseille,17.64702830882199,0.890722600396543,5.818973134483517,13.015982653825088,cloudy,395,374,0.3801575866784079,4690,8,32.64064234838307,42.9818364921548,37.952520770391324,54.661186139991464,1.3669046130072844,81.6552876261816,87.40784614096104,-0.493704803379082,2.2268083714104714,2.8681473141043106,5.588660488893864
2026-03-21,Marseille,17.483166969130632,0.08819752136876012,19.181618614977758,12.062533754497348,cloudy,353,517,0.5452731513365466,3290,4,29.28840117486805,29.242389347173667,33.09250685944141,51.15266074113185,1.0589712147105446,58.29712212017431,82.73011347496518,-0.6202068794318686,0.2693176672953364,0.6858514306559067,1.5753759773831117
2026-03-22,Marseille,24.256528204031902,2.3299854603653163,15.409146792737825,11.802220693617715,clear,682,357,0.5364438953322338,2997,6,22.89452899954059,32.01702381212969,31.534530662874413,57.63693600405419,0.9871368315354394,56.52637423251562,73.92138031428948,-0.2668337129549811,0.12092319990739278,0.22912807790563353,0.6168849907680074
2026-03-23,Marseille,27.595382414938843,1.7607641887104046,17.842205031280773,13.199188226562988,clear,639,625,0.4273426786404805,2841,9,23.42832262519953,33.13764413322252,31.599686889826597,64.36836839443887,0.9740766417636748,61.05718499610708,65.96484603874653,-0.35656009594227295,0.5006199680270522,-0.014042034821474363,0.8712220987907996
2026-03-24,Marseille,20.464384699717048,1.8590856254564498,17.682549217852017,10.203064036417926,cloudy,430,487,0.43115524116938414,2809,4,22.872299641636538,31.568268169530402,28.770242474195904,53.55782064082087,0.9713202921097359,51.37465508242241,83.60897294598038,-0.34106168200618103,-0.31080772279395785,-0.06392308358600932,0.7157924883861482
2026-03-25,Marseille,23.140905786845643,2.313689434502615,13.874267363249894,12.395157844102815,clear,511,408,0.4316287557411097,3030,5,24.17910888823231,29.22918194833845,30.326604983352258,58.39531048136255,1.0192223052682083,55.45295582913721,77.43291748308377,-0.2694024564832693,0.03096722516704089,0.2805679094440602,0.5809375910943704
2026-03-26,Marseille,35.32438817928842,1.7431581024688299,15.051763099216902,9.37632753529968,clear,574,401,0.6298009298232915,2049,12,24.83627182817282,33.61877351084497,30.946151293293635,72.50447026715659,1.0288303997798378,67.10782612491414,47.84350618804803,-0.35933534436618725,1.0076834940788066,-1.2485979917437144,2.615616830188708
2026-03-27,Marseille,17.674431684623137,1.7341306146616222,17.5387883515575,12.107976836891586,cloudy,487,385,0.3727188811868799,3177,13,22.277612961727264,32.30382951229606,33.73261538496293,52.17596767605336,0.9810673891747461,55.181150623556654,79.32609520669185,-0.36075834780744603,0.008189059513697697,0.5097089772061426,0.8786563845272863
2026-03-28,Marseille,13.987955462528914,1.1968033673699947,10.303323030906228,11.71182488855677,cloudy,641,342,0.8629070574305671,3407,4,29.805836304395097,35.69568876959131,36.34739412985863,46.93638204025962,1.1841723875920966,65.90783109505153,74.83073349267639,-0.44545727383286776,0.9071199838435402,0.8682290152012375,2.2208062728776454
2026-03-29,Marseille,16.95152628579446,3.884078343160611,10.167414870325036,12.834380928765128,cloudy,645,539,0.5920165391569877,2809,4,22.275192297881137,32.20599928029199,29.94694697162954,55.02008944609118,1.0162524215526334,53.992055221833745,76.03981092660136,-0.021861959186699524,-0.09146102621670862,-0.06392308358600932,0.17724606898941747
2026-03-30,Marseille,19.556666225185285,2.200579231298524,15.743337286010558,11.325828057763921,cloudy,436,319,0.9332029488853174,2904,9,23.090469833424088,32.34182955370188,31.440712020094445,51.00077262215053,0.9879323075487378,53.302190129811436,83.62051021413744,-0.2872320245578325,-0.14927397836742023,0.08416127993370381,0.5206672828589565
2026-03-31,Marseille,19.9329866822953,1.7390183243428485,15.07843356897801,10.542536637251194,cloudy,566,453,0.7270736316959442,3313,11,20.77361574949016,33.49713335470411,35.24090002822487,52.44997660433365,1.028533090480965,57.24630790283556,85.98569893425861,-0.35998789783899465,0.18125599731258002,0.7217034344554162,1.2629473296069909
2026-04-01,Marseille,15.328506868077707,4.91153949575107,2.2303943254902254,13.868639822478547,cloudy,671,529,0.8456296406076699,3776,2,24.786741076130763,35.466488336281685,33.209204338897486,47.093576881969064,1.2050063057624971,59.99329815610802,74.97182694615383,0.14009680355220583,0.41146276948793753,1.4434198587672813,1.9949794318074248
2026-04-02,Marseille,16.165606507922895,1.880685508240352,21.03904654230501,11.366699941477544,cloudy,531,627,0.6754493079003184,2734,12,23.526622084591242,29.255927704525106,28.595880453186524,50.57572938202987,0.9152937342570335,47.50729501739087,73.89148903029003,-0.337656891195194,-0.6349051513706325,-0.1808317916278881,1.1533938341937147
2026-04-03,Marseille,27.393217548630215,4.397534320540209,12.117447996366403,6.81791541571018,clear,350,416,0.44510226882585074,2567,6,24.30918482549195,29.46389851914118,31.088699821286426,63.91286482451021,0.9487720067670184,58.017372020647606,63.16047760556619,0.05907413713931085,0.24587369353130228,-0.4411485148678049,0.746096345538418
2026-04-04,Marseille,20.268777758737585,38.28619174092121,35.029468834789036,3.0,fog,417,559,0.3960446188501162,1799,12,13.110253249714274,17.715616326303127,24.746878059573493,55.487894936515474,0.41290234938737397,22.546197277777498,54.90637317292758,5.400945226717379,-2.72672682192247,-1.6382936852166436,9.765965733856492
2026-04-05,Marseille,13.19920995853084,10.215245077937054,14.86347730245034,10.133464081853608,rain,421,310,0.5804723802386812,2264,13,17.612012538322173,24.042927531139433,25.978302775824687,47.10329384469263,0.7256685285658819,32.28367272681528,54.835730652399704,0.976120230673108,-1.910694515441095,-0.9134596953569952,3.800274441471198
2026-04-06,Marseille,20.783588744042447,0.8963540240223508,3.486515052276417,11.110108479750657,cloudy,666,612,0.5827037638198848,4986,11,32.19957115236379,41.50277913935658,41.65360000320462,55.32357041698572,1.4722533136183797,85.76937093398416,92.86550787216036,-0.49281712173720676,2.5715820150815722,3.329547015176259,6.3939461519950385
2026-04-07,Marseille,18.625898099619405,36.16586932396326,45.199523436980385,3.0,fog,652,463,0.5288166196518624,1262,4,14.390425584288284,18.92170679842491,19.307789950231466,52.146811603061884,0.39966801650229544,17.573763092871623,50.650670532376786,5.066718677721073,-3.143433077868566,-2.4753600347964957,10.685511790386133
2026-04-08,Marseille,20.96638458476708,2.1476470454708863,19.60674801493248,13.484190744018614,cloudy,392,472,0.2402563918622898,3329,9,24.45057133014441,27.104766661606522,31.231649349223456,55.081188554323006,0.9235336625103663,51.48623450612245,80.91503221874221,-0.29557572816560007,-0.3014570019675648,0.7466439588376836,1.3436766889708485
2026-04-09,Marseille,24.49646290203246,6.426377741731398,22.807555983634263,9.617419721424387,rain,545,543,0.7770016753209205,1955,11,15.023172317766333,25.194193378050826,25.43568880275619,57.0604519182061,0.7266374901005554,36.08917390261376,62.56791575726823,0.37888084657902704,-1.5917810642024297,-1.395123572489536,3.365785483270993
2026-04-10,Marseille,23.313426984434365,2.53011868395562,23.61064302842485,11.269356897375783,clear,509,468,0.5758790174384635,2934,11,20.998312584953425,23.948330560353504,27.80144544258704,63.07846088632653,0.8490015616654081,46.84779256583191,72.78824944179992,-0.23528670098872514,-0.690173614895124,0.13092476315045534,1.0563850790343046
2026-04-11,Marseille,23.923401529324543,0.4653852828299743,10.141929807446743,13.360530758590961,clear,680,605,0.9166874128873759,3902,7,30.321078168744393,35.42788913325088,38.65885969847621,56.72399471363518,1.2510316690965253,74.4681048565388,82.15783552701711,-0.5607507501052298,1.624498936761847,1.6398264882776377,3.8250761751447144
2026-04-12,Marseille,28.78907421012005,1.487715940569012,12.819732561750602,14.371408309325993,clear,535,487,0.48970186634865476,2618,3,24.806725880424445,31.26876606461938,33.77392324624486,67.28414829633832,1.0957058093347694,66.3493873125434,65.85675119773782,-0.3996007075756283,0.9441238397697375,-0.3616505933993273,1.705375140744693
2026-04-13,Marseille,26.594766553325336,5.214218922360274,11.216024557152696,9.494821975269009,rain,517,559,0.5662781914108534,2686,2,20.635496576611715,25.61820780720182,32.70985755048169,65.02132086616577,0.9316754520865713,54.48620148178068,64.0932635259057,0.18780817961401963,-0.050049952642860426,-0.25565336477469053,0.4935114970315706
2026-04-14,Marseille,20.487687565446915,2.9949831335595265,10.371895751128168,12.911775544163214,cloudy,488,590,0.5318012081037453,3389,9,21.211940631265485,33.65589384100366,33.121428674309705,53.010274468760784,1.0601050782047474,56.70143954949185,84.22492586672733,-0.16201009008296888,0.13559424633463926,0.8401709252711866,1.1377752616887948
2026-04-15,Marseille,33.825011724505416,1.2009764552082316,19.639200640406187,14.911237380162234,clear,543,422,0.7158850636535964,1943,12,20.724870567529145,32.74934624190532,31.619459313637396,71.09886698425993,0.9756790950433805,62.512533225310364,51.15969955647975,-0.4447994697481317,0.6225829119570102,-1.4138289657762364,2.4812113474813784
2026-04-16,Marseille,31.996357875094997,4.343709860173429,17.967145865968046,11.27009454091423,clear,445,455,0.6792454186746917,1868,13,19.773929545841213,26.249894551192305,24.27127646037512,67.93957339054424,0.850873412575381,47.138027136734415,49.187110310958275,0.050589784242741916,-0.6658510081215575,-1.530737673818115,2.2471784661824143
2026-04-17,Marseille,18.803951663304968,0.7258208707506083,5.1682170531199905,13.158885145734523,cloudy,550,486,0.5735566370813008,4677,5,35.10400844547957,39.150239460902334,35.477133683609125,53.436071128879966,1.4113177843285563,78.76981242685947,91.17436659434672,-0.5196982728544253,1.9849961075931266,2.8478831380437186,5.3525775184912705
2026-04-18,Marseille,23.738496626133884,1.4364642321823018,13.342718511376805,12.614813395618201,clear,338,431,0.6232742008679865,3547,7,26.97486004495331,32.1853381347084,32.41472111065125,59.01400218579818,1.086735002403032,62.77890107059461,78.36809782797293,-0.4076795174241942,0.644905409024898,1.086458603546078,2.1390435299951704
2026-04-19,Marseille,27.078686062696484,4.729470609517076,12.084612807155308,13.675125406716745,clear,521,591,0.8907174618134195,3083,3,22.384912633387298,31.81227217059491,35.454494794053396,59.07609616485487,0.9348005785322977,59.22688590852364,63.332029679718715,0.11139727416040038,0.34723491521656635,0.3631833964603212,0.821815585837288
2026-04-20,Marseille,18.931773219701626,6.060008720704703,14.29978574028881,13.325762537334825,rain,552,556,0.4052151098682314,2526,11,23.35167162030801,27.918040987770727,31.853203010368365,54.166836886173314,0.8446080679596024,49.90439047769506,74.98328463643524,0.3211300759520827,-0.434020707803552,-0.5050586085973653,1.260209392353
2026-04-21,Marseille,28.867369287426627,2.7466372666864305,8.515840260220767,11.811256499929238,clear,451,385,0.7812509217694551,2611,4,26.62936228142417,35.77827014002694,32.967562925591025,63.09224030070223,1.1253524680776374,68.33396808780941,64.85279409259206,-0.2011568638842746,1.1104382028625808,-0.37256207281656933,1.6841571395634247
2026-04-22,Marseille,22.57053375141104,4.566062618725832,17.889552568957548,14.476566142867272,clear,656,329,0.9450306910047408,2188,10,22.49322950448608,25.99476358792527,30.34433124435762,57.14613566786824,0.843575163664469,48.24563847160269,72.35470520486635,0.08563926282977707,-0.5730295538331377,-1.0319271861727657,1.6905960028356803
2026-04-23,Marseille,23.106357883680307,3.0660941697383652,23.51107472317619,8.201647224169065,clear,692,545,0.6292776826592389,2644,6,15.894838841711348,26.163910933690037,29.464444843346325,56.91562813259938,0.827686107197825,42.57785709076901,72.12134157829077,-0.15080085321053902,-1.0480081801762653,-0.32112224127814265,1.519931274664947
2026-04-24,Marseille,23.392146995093213,8.841321739412036,18.117744284508184,14.579505508165491,rain,557,479,0.2602934708810443,2419,8,13.26088628810749,27.388242519222825,27.30070886223644,58.95805497665147,0.7177175255815931,38.81225461058741,63.601110381910495,0.7595486129096548,-1.363577990162099,-0.671848365403779,2.794974968475533
2026-04-25,Marseille,26.36590675634979,2.0468322391489933,8.878508818553172,13.656909031390214,clear,558,434,0.4674827075595192,3382,12,26.300052972512297,36.18401886597356,38.04181135323073,60.16894214036503,1.1623302638434392,71.86975427624222,72.55389642141782,-0.31146717209658475,1.4067486555741124,0.8292594458539446,2.5474752735246415
2026-04-26,Marseille,18.36643448753909,6.368154747598662,12.885940194572283,15.339809008702812,rain,485,663,0.7927571993271754,2576,12,24.480595865323743,28.801460328828554,27.549943216100942,56.46450266022893,0.8573285227304803,49.039647542252006,73.7300981352323,0.36970315254269487,-0.5064889954840924,-0.42711946990277944,1.3033116179295667
2026-04-27,Marseille,24.973357649114906,0.5860653967164964,17.223013341100703,12.555966129485418,clear,678,509,0.5103035970548913,3012,5,26.00995799164322,34.11741443472233,32.15019371710095,58.375375888278846,1.0613338755932675,62.40455921500766,75.9012945906401,-0.5417279365584855,0.6135343365712754,0.2525098195140093,1.4077720926437705
2026-04-28,Marseille,30.274053224958713,0.39366412836562376,9.46845909385829,13.444762715655543,clear,321,471,0.7212196476958377,2585,7,29.925207386925774,41.01743849413655,35.70533112360712,66.27536137880217,1.2794790448787097,81.05391538779043,66.85131297528552,-0.5720561599593795,2.1764114099684053,-0.41309042493775394,3.1615579948655386
2026-04-29,Marseille,21.135834239541165,8.405488864611495,13.001819071926988,8.602301600392709,rain,384,354,0.18487354212361118,2242,12,22.790588536709624,25.923599833267044,29.252162282963617,57.117702100928796,0.7938965796375226,46.554300048414355,71.99416906315031,0.6908482508709827,-0.7147692482476002,-0.9477529163826129,2.3533704155011956
2026-04-30,Marseille,30.285978799781233,8.174767712315951,11.245472251099429,8.94868737085981,rain,523,519,0.5577675776798431,1624,4,20.17206543569843,27.94624040876097,30.126894999906007,65.54134417264922,0.8282813666726196,51.946484366096826,50.28625688481997,0.654479661879302,-0.26288655763029745,-1.9110806706476942,2.8284468901572937
2026-05-01,Marseille,29.31292051713591,1.3326891839101807,27.79099642834126,12.252898045646925,clear,449,514,0.7154391599113991,2313,6,22.70980649095123,26.830683354222234,27.881721642888383,62.12142249892217,0.853913808048562,49.672046223902036,59.554969046755325,-0.42403758447027967,-0.4534919165693877,-0.8370793394363011,1.7146088404759685
2026-05-02,Marseille,19.560313062680866,9.106133187461625,24.43307323044705,14.048125051622925,rain,629,550,0.571147404941809,2514,8,16.06067750972417,21.614530493373554,25.08792058542862,54.696360939046016,0.6533801098763141,31.488911956028765,68.49544896491287,0.8012908572534703,-1.9772980687214192,-0.5237640018840659,3.302352927858956
2026-05-03,Marseille,25.962634746005914,4.4510224580769515,12.244071418357333,14.231804106730722,clear,422,666,0.7649308646900623,3006,4,19.4252987863011,26.073413386052305,29.232380977573523,62.077622682380415,0.9438323646525653,49.61410586679282,66.57160970128349,0.06750547544812983,-0.4583475080928417,0.24315712287065896,0.7690101064116305
2026-05-04,Marseille,19.75367210962038,5.038182290753796,18.41017225021963,9.71662177173299,rain,334,305,0.4724225374290898,2273,13,20.965196740056214,25.588586654531127,30.995038835993626,52.387586661307765,0.819373342300842,44.5003752952043,77.08738278208214,0.1600595148787857,-0.8868948636058203,-0.8994306503919698,1.9463850288765758
2026-05-05,Marseille,22.03170270360141,1.1021166433584317,5.6673169146347,12.960119160173367,clear,446,366,0.5929292138572033,4171,9,31.980380465753953,38.83914525401464,35.8086743759291,55.22790966809221,1.3527736246749849,76.55179679609762,87.73339406462914,-0.4603827477839258,1.7991191397429853,2.0591390544545094,4.318640941981421
2026-05-06,Marseille,16.1726898890391,2.767948922779167,17.88379033096536,14.442067391050706,cloudy,474,687,0.42566085804926573,2134,4,23.87242724922592,30.19388118315078,32.27322739388542,50.12920003192108,0.9202213239799402,51.41257899691263,72.9584273114386,-0.19779750626379972,-0.3076295746615981,-1.1161014559629183,1.621528536888316
2026-05-07,Marseille,25.91048851734308,1.877471738547388,10.202803816382602,14.397282743982103,clear,308,615,0.8043584316716299,3011,14,23.503194707627546,38.741952241589566,34.688282723096926,62.121929329588156,1.1362766816987993,69.34322949005809,73.38659165919651,-0.33816347790349716,1.1950176109678923,0.25095103674011754,1.784132125611507
2026-05-08,Marseille,13.3131884176177,0.5380231536203843,16.7432217216711,12.281772493822407,cloudy,577,412,0.6412548314342257,3407,6,24.742155541307234,35.304825970285165,30.726977295716715,47.19548425646822,1.0747915450150176,55.42182349930118,71.94850031216072,-0.5493008382019499,0.02835823405274319,0.8682290152012375,1.4458880874559306
2026-05-09,Marseille,14.157803172185742,3.1033949044324722,14.261987068506656,14.065927894305611,cloudy,507,409,0.2558008515748549,2852,9,19.205299856516763,31.946411200546347,28.978037860896844,47.54335284747714,0.9682283210505422,46.00322310072619,68.69553481827546,-0.14492113617687935,-0.7609512997479331,0.0031045756913345257,0.908977011616147
2026-05-10,Marseille,22.02527395785521,1.6238185631260318,17.00885641279287,9.660166328579423,clear,311,644,0.48181784218848345,3030,2,26.66219353691514,32.91753278632747,34.07169050975411,58.67202563672187,0.9973756301711394,62.69918863073492,80.56906174681474,-0.3781468430676808,0.6382252457223673,0.2805679094440602,1.2969399982341083
2026-05-11,Marseille,8.638688933591753,2.2743976297870434,23.86125798334872,13.800353973824933,cloudy,633,676,0.6467753688059228,2008,8,20.096175479041477,29.198858139953817,25.83745034550074,38.992553884421596,0.8572370482430618,35.50599798265973,53.19430895629621,-0.2755960260031178,-1.6406531146158159,-1.3125080854732747,3.2287572260922084
2026-05-12,Marseille,26.890545930630086,3.186716716330854,9.510688208253882,13.53216055676938,clear,445,614,0.69667233245293,3040,13,28.20356520480619,32.21789106142533,29.11254241685692,66.29605295141882,1.0709127714119044,64.39102707353295,68.25844447546505,-0.1317871139997853,0.780006843416332,0.2961557371829774,1.2079496945990946
2026-05-13,Marseille,29.13466611942154,2.1235941294231333,13.981631249115171,12.710044908843033,clear,436,531,0.7221308820390843,2045,5,25.688331838121808,33.520092924357684,30.175586989974846,65.52971248436558,1.0281915635891186,63.26408168682747,62.856132903335414,-0.299367190756215,0.6855651323173124,-1.2548331228392813,2.2397654459128087
2026-05-14,Marseille,21.894434523557493,0.9481451589708177,10.385849051365835,14.985377137919043,cloudy,548,622,0.497264188209981,3706,11,28.551112594783675,34.398986715258815,34.690329506458085,53.27238600270295,1.2017981326502643,66.38893034619808,85.75123802616048,-0.4846532820475511,0.9474376753863077,1.334305064594861,2.76639602202872
2026-05-15,Marseille,21.644381994787157,2.2874784071219967,11.263941604260882,12.20328857537902,cloudy,393,568,0.7795292798295027,3492,6,24.92527621264721,35.16950367265205,31.521882880681844,59.787854066597696,1.0809347639199607,62.92722815550877,82.50037162864017,-0.27353410229194797,0.6573357041100707,1.0007255509820336,1.9315953573840523
2026-05-16,Marseille,17.344868042540284,0.743989080553797,16.235386889031517,12.174662115830818,cloudy,600,669,0.6431121332919136,3523,13,22.539596566909026,32.460058824384475,31.530289732754365,50.4534799883026,1.070588979598957,54.27334486673534,81.65822978889899,-0.5168344168599804,-0.06788803351241789,1.0490478169726767,1.6337702673450751
2026-05-17,Marseille,26.512032845755325,2.548639462934692,7.187270715567287,10.94189464530741,clear,548,502,0.5225274293420058,3415,4,30.329837530521836,33.54912496768513,33.7531989100076,63.12345092035267,1.1793443983119996,71.06077526040747,71.97344487923087,-0.23236726949406614,1.338953566832513,0.8806992773923713,2.4520201137189503
2026-05-18,Marseille,26.971323398109135,0.5372589491795516,8.334213446731725,16.829581997317263,clear,515,532,0.5567834063499975,3374,2,30.282447786661628,38.79583516324871,34.816222509822815,62.222421134525966,1.304806511341316,77.32253800606962,75.33256836360756,-0.5494212997935193,1.8637097752280636,0.816789183662811,3.229920258684394
2026-05-19,Marseille,23.39996690279572,3.168476765518611,11.327042116009753,10.379495125971237,clear,450,574,0.5984461755426502,3110,3,26.807573903168528,28.749444533942437,30.725729198676518,54.448877024304196,1.0272208500044742,55.35945750028998,76.06665805264248,-0.1346622785337644,0.02313175925591497,0.4052705313553976,0.563064569145077
2026-05-20,Marseille,24.002845986154714,5.798182283169303,13.522293799267254,12.304631027153249,rain,486,588,0.4593006898757177,2499,4,22.403442474025184,30.66868068412292,29.07442259219733,56.79237515435506,0.866474554006885,50.51822070115926,68.43746586133183,0.27985835899358164,-0.38257972644621624,-0.5471457434924416,1.2095838289322396
2026-05-21,Marseille,24.897410285827537,8.842003181683488,9.639304940071966,6.157299033010785,rain,425,476,0.43597289031569,2471,6,18.79126374194751,26.940268336587188,28.351386446597434,61.700555900019786,0.837187832242829,46.885427369404084,63.74903255161713,0.7596560286955305,-0.6870196952037516,-0.5907916611614097,2.037467385060692
2026-05-22,Marseille,25.182799020788337,4.881440790748013,23.849312103384833,9.931254344152805,clear,467,379,0.4306664398088677,2207,7,17.857073291219265,26.597452929827888,27.051414408258672,58.72984491446633,0.7597412680052644,41.90739340618846,63.160090496750286,0.13535234288812328,-1.1041952308963088,-1.0023103134688232,2.2418578872532553
2026-05-23,Marseille,19.44619948225411,2.496350531148701,14.085517794475798,14.74975283829637,cloudy,609,449,0.6254117211236222,3429,13,23.425587515442068,32.10713967955332,33.568483148200094,52.83149300438795,1.0043169821062012,56.47435648916736,83.3732195895264,-0.24060957692889884,0.11656394279762207,0.9025222362268553,1.2596957559533761
2026-05-24,Marseille,19.770179104377323,0.9976802195292427,20.80966906728048,10.463270105371855,cloudy,345,627,0.4051502794715188,2584,13,20.960759471653112,32.59617129532097,29.34419101140298,54.24586126060785,0.9684317866624326,51.54892802233017,85.27706372844332,-0.4768450674985023,-0.2962030801579369,-0.4146492077116457,1.187697355368085
2026-05-25,Marseille,15.76935983719919,2.5446179519147036,13.540943655422279,8.873618382606686,cloudy,581,531,0.626284881603748,3409,6,24.21030210701767,31.319488498136938,30.90935360164497,50.163529365469955,1.012998372121259,52.93469888127622,74.31930260756619,-0.23300118051590485,-0.18007094753292874,0.871346580749021,1.2844187087978547
2026-05-26,Marseille,27.415548885735795,2.1691925149109936,10.132766293002618,11.989205247276931,clear,662,651,0.7552147722645719,3347,14,19.198405903132645,36.362560654526355,31.810427049634985,63.71457248238425,1.1181265559053835,62.73741124815613,68.9463697612766,-0.2921795145332394,0.6414284261377863,0.7747020487677345,1.7083099894387601
2026-05-27,Marseille,28.191943778673057,3.6043309373015453,15.566352052688822,9.123444043365266,clear,524,612,0.774614752476944,2116,8,23.11042396604361,32.017056282577684,30.7291422128876,62.172114173139576,0.9200186365086875,57.17879834636813,61.17173915871996,-0.06595855945048788,0.17559847556970432,-1.1441595458929694,1.3857165809131615
2026-05-28,Marseille,27.59614467287602,1.1671329807884694,20.94072867353492,13.073487246024923,clear,387,670,0.8643765252713739,3008,9,19.914120532346942,29.613295949784412,27.020007899041374,61.85840219482971,0.956181525408444,50.58340796382774,66.35955178144212,-0.45013421863862846,-0.3771168205229131,0.2462746884184424,1.0735257275799839
2026-05-29,Marseille,26.826951070852168,1.9429978940336141,17.423664086472375,10.307286690018254,clear,639,646,0.522476913550224,3056,7,22.839036885761917,29.281849191434866,31.270462420081763,61.72013326318419,0.9712149063211164,56.26227280945789,67.59703110008321,-0.3278345861076081,0.0987906364384795,0.32109626156524484,0.7477214841113324
2026-05-30,Marseille,19.78225083841269,5.340445717651879,13.67226580990788,12.966850976229207,rain,612,586,0.7276313718942536,2403,6,20.960207740298884,23.703209726041244,27.090240324425945,55.02401446980498,0.8807790411478225,42.34333862733647,78.61743179850103,0.20770531688133403,-1.0676615948245387,-0.6967888897860465,1.9721558014919194
2026-05-31,Marseille,20.267463027456227,1.3871600447252646,10.224387103253235,12.847198131186921,cloudy,376,476,0.6530598693788374,3774,8,29.041761128187346,31.661236576716547,32.898270789442115,56.46488636814573,1.1716624291146227,64.46074996918367,88.73220893931163,-0.4154513394325069,0.7858498502254566,1.4403022932194978,2.6416034828774615
2026-06-01,Marseille,33.31262459621573,0.7035169112635751,15.957604819329823,12.482476275310695,clear,391,327,0.638402406606723,2594,10,24.15348732160785,32.96484419890428,35.8749147817136,69.25199489257209,1.0794782474209075,69.61605729290919,55.24416477650318,-0.5232140473181031,1.2178814736187427,-0.3990613799727285,2.1401569009095742
2026-06-02,Marseille,25.606476452978782,2.34590809625641,9.688032359265602,12.856614194415297,clear,596,433,0.46669865442050124,3074,12,25.360490185662712,33.784177125857845,37.348429100830444,61.620175416153494,1.1184964503018473,68.94933719729207,73.28538477803166,-0.2643238269101784,1.162008147903946,0.3491543514952957,1.77548632630942
2026-06-03,Marseille,22.064278674977256,5.17621433288859,15.163622457703537,11.466170575971358,rain,374,441,0.6990894635682479,2408,3,21.281473391748772,27.068475247524276,30.44705896985328,57.796533949834306,0.8621655068094618,48.90188311826322,73.62202241857882,0.1818175139098075,-0.5180341050196193,-0.6889949759165879,1.3888465948460147
2026-06-04,Marseille,31.964612956654364,2.8513396693815403,15.97192150788668,11.293667414378623,clear,445,540,0.41631722498398743,1941,5,20.832582565951324,31.51535256627829,30.51347841417169,68.40713281724246,0.9489469792451131,58.88084893883163,53.20357268475098,-0.18465261790520565,0.3182358848227595,-1.41694653132402,1.9198350340519852
2026-06-05,Marseille,24.692419217308455,1.7516002256414702,24.039380793995953,12.701570351509618,clear,489,300,0.6369128474348454,2542,5,19.824881179989625,27.725738327969484,27.60093145785956,57.47446672053754,0.879672959298313,46.0257793514359,71.0944372550372,-0.35800461198717415,-0.7590610121278459,-0.48011808421509783,1.597183708330118
2026-06-06,Marseille,21.48169238063002,0.09596631064862887,11.960890064527838,11.003275215615107,cloudy,425,644,0.5434499470389592,3423,3,29.34867990928274,35.98334958228116,32.89614088396615,60.13213615173277,1.229724973421459,70.62651736501363,88.40429058852489,-0.6189822847145164,1.3025613341803628,0.8931695395835051,2.8147131584783844
2026-06-07,Marseille,27.96344269456396,3.7221956469653543,10.800595517446322,11.522135801660612,clear,324,315,0.7265284365427871,2156,7,21.946772919657114,33.74630275337582,28.87714188199722,64.46913590381234,1.0098041499144494,58.78899550141862,63.75135854709956,-0.04737953823922104,0.31053826619638425,-1.0818082349373006,1.4397260393729059
2026-06-08,Marseille,21.165877940926563,1.5852319855700814,10.387949077507487,13.527182201239711,cloudy,635,535,0.5716515200945042,3915,9,26.54184322941905,33.62534449838236,34.5959546197451,55.52357324177054,1.1521481983328217,64.67028255449752,85.88736687027449,-0.38422924758831345,0.8034093665263232,1.6600906643382298,2.8477292784528663
2026-06-09,Marseille,29.285299783445467,0.35013281146875663,21.21926466293157,12.80746018067322,clear,680,344,0.4276936557525819,2694,7,22.438947552532028,29.692379811638137,28.572069842591297,65.75348850884866,1.003193895994806,56.65278897361451,64.3133427966665,-0.5789180040371205,0.13151716887728299,-0.2431831025835568,0.9536182754979602
2026-06-10,Marseille,22.879021968045418,0.8749518267861083,16.621796408608017,14.389348288656043,clear,660,347,0.4466751408513115,3009,12,22.557915143378615,32.58439551020943,33.739559966223624,57.8709364253026,1.0532762398789315,59.89461574379958,80.57593229773599,-0.49619075136353047,0.40319286041893326,0.24783347119233412,1.1472170829747979
2026-06-11,Marseille,17.393096809626076,1.5680842147580352,17.621323388215846,13.742594594914488,cloudy,387,543,0.3266280373151308,3125,14,22.34029185141239,32.90193834472133,30.672852416669915,48.20339465354131,0.9893277223723453,51.042110878881466,79.01240145575574,-0.38693225172374696,-0.33867601523204977,0.42865227296377334,1.15426053991957
2026-06-12,Marseille,16.270101598766257,2.6171307214982393,24.694644995291423,14.057365221392784,cloudy,436,453,0.750538065634707,2506,5,20.0723864241575,28.58674309454419,27.517705898733126,51.28048674846012,0.8319920716532028,42.57584997616228,71.2152164375293,-0.22157098832332284,-1.0481763829481718,-0.5362342640751996,1.8059816353466942
2026-06-13,Marseille,16.416255765889716,4.2715698091733,18.33730390819656,12.819637313857026,cloudy,676,607,0.4202916798221368,2835,6,19.425592672834835,26.52552588311077,27.046379304351944,51.06692599288372,0.8483122401635068,40.484628817474686,70.21605396534127,0.03921834370268342,-1.223427559130097,-0.023394731464824667,1.286040634297605
2026-06-14,Marseille,21.793711726907286,4.108693557909648,24.499409674476077,8.590242891735352,cloudy,445,410,0.8955458128157183,2117,3,19.45026430539166,24.19001712434379,27.17153718674618,50.01015209649069,0.7778374722785031,37.17914231978801,72.9143264862939,0.013544150505496094,-1.5004381441495271,-1.1426007631190775,2.6565830577741005
2026-06-15,Marseille,11.615043962334745,2.6509708108208985,20.502988033806552,10.929343628092155,cloudy,404,307,0.42495457826373223,1956,4,23.26549816792117,28.319652402155917,24.945484898803443,41.02468987215353,0.8854776720493942,37.93823590891535,60.85913441135163,-0.21623677302588426,-1.436823617405635,-1.393564789715644,3.0466251801471635
2026-06-16,Marseille,22.547333588479198,3.1264759419518855,15.952498398895331,11.129555534398744,clear,398,597,0.5085046196257831,3072,14,21.870572428986478,27.204379128242294,32.18149910912352,57.89394607815734,0.9356880277050843,52.277216354278345,76.14280098663177,-0.14128287085662888,-0.23517013476942086,0.3460367859475123,0.7224897915735621
2026-06-17,Marseille,26.752934269178883,2.7828081079708475,16.584897088867034,10.12912259591081,clear,336,373,0.491079670522122,2696,13,23.548968100604377,24.759518378734004,29.640663349560082,60.70828822179654,0.941494810678432,51.18273077157163,66.13217304133074,-0.1954552520161473,-0.32689160807542333,-0.24006553703577335,0.762412397127344
2026-06-18,Marseille,28.42991058087516,1.3564661000623826,19.040288991405724,12.67902896763768,clear,429,545,0.6687694619205206,2185,9,21.62492025542088,29.95818346190764,29.02504788885292,64.54633416295061,0.9766514581815029,55.537818887738624,64.45802500593622,-0.4202896277596552,0.038079027174451226,-1.0366035344944409,1.4949721894285473
2026-02-19,Lille,12.771143246817157,0.8671098414319705,15.459323728242468,11.961160788224534,cloudy,619,640,0.5766565667545298,3085,8,27.10375279264731,34.52652590814774,32.69971923322018,49.32385128884759,1.0785325041985885,59.435865594061376,70.21252842108832,-0.48509078825341806,0.7043482693191531,0.4831166639925593,1.6725557215651303
2026-02-20,Lille,14.484101085828623,4.523114979595932,6.918446957817061,14.100221192217829,cloudy,496,522,0.31894937603179074,3063,10,27.62758567331228,32.7024582776847,31.82515178318968,50.05697562855819,1.067381772215563,57.986102852650575,70.4599965552309,0.12090702585853752,0.5808191969139994,0.4465735434567632,1.1482997662293002
2026-02-21,Lille,11.68024389289597,3.3862850184866815,19.49567856843746,11.791101562925057,cloudy,482,508,0.483265848017673,1940,14,23.363743441370524,25.41915801417078,31.62879436832838,43.7075456020273,0.867429103792253,42.8731993242538,59.75273039668101,-0.06752719275286129,-0.7068969933880892,-1.4187866548022854,2.1932108409432356
2026-02-22,Lille,15.155891384049946,2.487958413851676,20.809391513040953,12.695060752316149,cloudy,658,519,0.7292144292815407,2361,11,20.05151697068937,24.77715165204078,29.273284303834473,48.16261449042008,0.8886670015938045,40.82971979467174,69.98219510316875,-0.2164285039366899,-0.8810145393546425,-0.7194842118218229,1.8169272551131552
2026-02-23,Lille,21.817543839774935,37.95428485763212,43.20965267480776,3.0,fog,398,381,0.42782436838575855,1729,12,15.154086582501199,19.22380410215826,20.483752619148568,56.9597373961694,0.3989715637140382,21.866958660996822,49.68175380973674,5.662260252585543,-2.4967632589029622,-1.7692684017592393,9.928291913247746
2026-02-24,Lille,21.005230462835705,4.125416709099027,17.556012997624904,14.747317090325915,cloudy,513,614,0.7435391693569098,3110,13,22.962704479673913,28.36715468275074,28.250863043877814,54.14193164291596,0.8655102817164133,47.19981337044691,77.25537098541241,0.054986909915193546,-0.33824176138699286,0.5246429373286913,0.9178716086308777
2026-02-25,Lille,15.312757426861541,5.0564243945942495,21.109002762594066,15.499162610544998,rain,443,683,0.42500575626362647,2478,9,20.46471055794599,27.13535295092086,27.492227782666316,43.13700450212717,0.7846882208516044,36.665005248231516,64.97207939983528,0.20930524400125292,-1.2358748968869198,-0.5251412526087252,1.970321393496898
2026-02-26,Lille,10.927905614160002,4.466021917961516,13.769687559350256,10.313506809367617,cloudy,334,482,0.6226386349891453,2151,2,19.701124116843616,30.568575676554786,25.973465314810078,45.48184876972643,0.9141084785713096,40.749661112693595,58.0436280741542,0.1114436172352142,-0.8878360518961468,-1.0683049078453315,2.0675845769766923
2026-02-27,Lille,26.85471358748907,1.9736272801468562,22.395394867028802,13.222287309299086,clear,329,604,0.7356586728293705,2576,10,23.892024781358728,28.871854732795086,31.04562061769198,63.283205661704656,0.890985512954086,55.90803078233749,65.65548847903263,-0.30168099428504086,0.403754144885535,-0.3623582611310878,1.0677934003016638
2026-02-28,Lille,27.454419620393814,2.572294134125491,11.28764707150976,9.359954977558589,clear,478,371,0.5099310496088962,3147,3,25.019553790530782,30.047738486629935,34.645629322842716,65.75976356723984,1.0626650023631605,65.00913365771208,67.2930489597114,-0.20244951315136642,1.1792264093781815,0.5861018218661667,1.9677777443957145
2026-03-01,Lille,12.941154545473573,2.254235706113653,13.899026864960213,7.864290547128015,cloudy,341,572,0.6985357680557774,2875,14,22.02649667647956,29.02844733545222,31.76280429462219,44.27693626329538,1.0221838862482124,47.61620490188799,67.76864423439825,-0.25516899927108605,-0.302762535602625,0.1342959679690507,0.6922275028427618
2026-03-02,Lille,18.260166722928844,0.5488893343185854,15.412198764672516,9.08489700107014,cloudy,514,433,0.46525271334518864,3424,14,26.351602585440013,36.154642868921385,28.893412544312586,55.07474397075292,1.1030852052514548,60.23698445759105,84.84486603805813,-0.5378371396475393,0.7726087282696912,1.046212930430509,2.3566587983477394
2026-03-03,Lille,14.453954614750682,1.0564671441034594,17.40073068111185,17.461734466447133,cloudy,473,451,0.4908509051147238,3026,12,23.696241193080226,32.951399046940736,33.32876674023733,48.81542784609641,1.0254789038417034,55.288460846187995,73.09838130048533,-0.4537040403773782,0.3509628175072431,0.38511465891928787,1.1897815168039092
2026-03-04,Lille,17.88675351381615,1.9647453076188683,16.065983141188447,10.496061336522361,cloudy,583,686,0.3930467689944438,3117,12,24.02814461277126,31.81283767573664,32.1649844384702,50.203538615020484,0.9952164202355636,53.928238675505604,79.88360274978747,-0.3031532175816597,0.23506317530385118,0.5362702938628082,1.074486686748319
2026-03-05,Lille,14.404730321666909,1.00156715849405,14.907209971169662,14.152292625280026,cloudy,483,658,0.5306651223822716,3082,12,22.10750567341212,30.789180410137213,32.81120408790936,45.71206307220752,1.0811808028143257,51.60646282160673,74.16974242536433,-0.462803937674237,0.03723299980512637,0.47813351119222347,0.9781704486715869
2026-03-06,Lille,14.00444073898625,1.1880113973898976,5.984301618720275,8.831728113989021,cloudy,692,408,0.6725301954298394,3723,2,29.069943720721376,42.67726060112291,38.916902814570115,46.30117695496355,1.3319467932750224,74.71787022553909,77.39307223866514,-0.4319000420409307,2.0064729568253763,1.5428671595306476,3.9812401583969548
2026-03-07,Lille,17.335633255057417,3.6138681386087352,19.606238424551726,10.915255357122408,cloudy,495,334,0.435974041732717,2526,12,22.471787939223635,27.141800511383078,29.49454524163362,51.68601720290673,0.8563859023956377,45.62153404632879,73.36960924616605,-0.02980435919251139,-0.47272126988561836,-0.4454108078033518,0.9479364368814815
2026-03-08,Lille,16.72433832328778,1.2413014975600236,13.657346760470839,10.217615549169425,cloudy,306,582,0.33958859151456,3410,2,25.02302043419152,32.1307700029503,35.66305727838307,51.29743192234155,1.0929116184867638,60.19524481614176,79.89063267614829,-0.4230669898442039,0.7690522434439486,1.022958217362275,2.2150774506504276
2026-03-09,Lille,5.240922993353475,1.0990653916064264,22.60699248915961,11.018125100257269,cloudy,471,386,0.7287561245660598,2167,10,18.178509194123123,28.466080915763428,29.010564126201675,35.04683141439938,0.9343865475354276,35.693273614888085,48.076511057330364,-0.44664320651740125,-1.3186726567306082,-1.041728092910207,2.807043956158217
2026-03-10,Lille,18.559620455146373,1.9883041297411526,9.54800461278577,14.82186475949254,cloudy,477,362,0.6308716176925225,3702,5,28.662929839326285,34.79955807478397,31.335845043129325,51.50511487225842,1.1469062630904248,61.92658714582924,84.64070842340354,-0.2992482463987345,0.9165737005024661,1.5079850899282967,2.7238070368294975
2026-03-11,Lille,15.507059338578692,2.374290504350861,16.033620236224973,13.517877200243895,cloudy,508,526,0.2890918583266308,3110,6,24.539694267207583,30.259632102903566,29.924163907652357,49.270909763771485,0.9728109485987604,50.392915164979556,72.95890950966675,-0.235269425130461,-0.06616903423854312,0.5246429373286913,0.8260813966976954
2026-03-12,Lille,17.907692812946657,3.9964008314511177,9.281368963396691,12.217119411553046,cloudy,569,667,0.527430340026539,3362,14,27.876466734233894,33.002945047165404,34.80195115552652,50.33400293980618,1.0320040877677872,60.440642687860205,78.6834358878793,0.03360200018838937,0.7899617140750391,0.9432277725569017,1.7667914868203303
2026-03-13,Lille,15.833850046777696,1.9120064423490049,28.390549368191962,11.028697647818657,cloudy,637,349,0.4328567212201083,2568,7,20.39219835379415,27.086639036311286,28.911460314837274,49.88165926889507,0.8204461288021137,42.022512032996985,70.78807583922449,-0.31189490033769984,-0.7793809999045942,-0.37564666859865004,1.466922568840944
2026-03-14,Lille,6.203048869546281,4.300856926218052,19.847286002633684,12.85438872374337,cloudy,591,546,0.5609086941104932,1762,9,18.69114215097621,28.57859249629368,25.51846178299437,34.77214531844217,0.8264540196542882,31.031321823269977,44.06286511925251,0.08406684390424914,-1.7159008127361346,-1.714453720955545,3.5144213775959288
2026-03-15,Lille,12.768863450780984,8.653317156459373,10.280746472881413,9.810826920894142,rain,660,653,0.6944944907289249,2192,9,24.893797674243498,26.372728238255462,30.311159928553266,48.71921692579109,0.8311272735948518,45.46521761677063,57.80620693215961,0.8055049398200681,-0.48604043101002026,-1.000201819574075,2.2917471904041635
2026-03-16,Lille,14.671152067530084,7.00166283813723,16.443468146399287,12.520643677542441,rain,555,521,0.5590205466952439,2575,5,15.054761631070507,28.550111780376792,29.367615369708094,50.88617704290218,0.7841836894313731,39.56333055417703,61.93339025499159,0.531736477045303,-0.9889190148345041,-0.3640193120645331,1.8846748039443404
2026-03-17,Lille,15.32845629264726,4.559707809401386,5.821711835689815,14.342491578643088,cloudy,378,535,0.6136100292277678,3132,10,23.5962434662496,36.52168073508456,31.820579294776998,50.50370317973003,1.0979644894789427,58.56725808457228,73.18126682844068,0.12697243715755238,0.6303373454165813,0.5611860578644875,1.3184958404386211
2026-03-18,Lille,23.928232464428664,4.455029685399391,9.54516784892401,11.17837142409083,clear,491,552,0.49454544160433705,2924,10,23.976970492837385,32.93205227127425,31.80524883689886,55.03507578894094,1.0024506282173131,57.04110926028015,73.04701977215198,0.10962160970154776,0.5002996894387726,0.21568746370786937,0.8256087628481897
2026-03-19,Lille,10.47147665757032,1.8991640611366898,10.17797872694154,11.139686728816326,cloudy,388,355,0.5227826396128725,2645,14,20.467688455014866,34.91340365235318,33.39651034215602,43.362213891924966,1.135438825045123,53.52249289246953,64.30083729344382,-0.3140235775820004,0.2004910354777341,-0.24774574672336355,0.762260359783098
2026-03-20,Lille,16.247892602423534,2.0018565966532513,12.18915986710849,11.581556252510945,cloudy,321,590,0.1859195113482603,3221,6,25.02646975949559,37.155394238482174,33.40338816497557,48.60357566774291,1.0765388345591371,59.97323245785893,77.45947637588814,-0.29700186954361857,0.7501353683596358,0.7090195909411173,1.7561568288443716
2026-03-21,Lille,7.582809038895249,0.9895148692095772,6.8555490821274265,14.544974893197478,cloudy,412,572,0.6245310385761396,2428,11,31.004787666223105,37.86105552868832,37.12757841283579,36.664410472202626,1.3165030766764687,65.84202158363108,61.33388864463218,-0.4648016539479902,1.2501937959493834,-0.6081937992809892,2.3231892491783626
2026-03-22,Lille,25.456939247751695,1.4706800991871065,12.630803264645419,11.971095458243441,clear,380,624,0.732956612483529,3410,6,26.012858944002485,32.74599611360496,31.11288453903072,64.49979883344731,1.1015014673860846,64.54221328853026,74.32201987806462,-0.3850465478762595,1.1394418029425284,1.022958217362275,2.547446568181063
2026-03-23,Lille,18.7314212400185,2.347234536978949,9.509272609845766,11.276377321534865,cloudy,404,464,0.5157492497050837,3847,9,24.299853933165338,34.225807232103826,32.11715449097388,53.07178442978194,1.1233662336522836,59.55964946205201,84.22439456015036,-0.2397540624508278,0.7148954478021129,1.7488374752778622,2.7034869855308026
2026-03-24,Lille,6.981092891109109,1.6474159718468129,18.484772022553678,11.33236102048798,cloudy,621,564,0.7196845137488521,2265,12,20.836672643376332,32.29706371223764,35.22684813297949,36.698232995129594,0.9692721456157085,47.039127870886986,52.44420960827689,-0.35575185367877343,-0.35193319526277334,-0.8789451014325697,1.5866301503741163
2026-03-25,Lille,21.865623187933206,3.2264056439431634,7.301667403633401,9.027445940099412,cloudy,550,665,0.44279789845143525,3518,2,29.049698876756786,33.621295987835126,36.85804986831396,60.61574579771183,1.1307880575697073,70.6857531842508,81.99734034482287,-0.09402785340117067,1.6629107561202752,1.2023517181743653,2.959290327695811
2026-03-26,Lille,18.6447896819626,0.11892291830608877,23.66257499742546,16.462600292385265,cloudy,396,300,0.598251781206475,3234,9,23.112835384179007,27.803087480405942,33.213039947868786,52.822582034243354,0.9790122703797963,52.537840352966136,84.0192349514155,-0.6091058327697751,0.11659233166095037,0.730613253075906,1.4563114175066314
2026-03-27,Lille,19.190255507203787,3.5911270996732174,9.682989967145247,10.253180731824383,cloudy,582,470,0.3902712392905072,3413,12,25.876224578160436,31.67172586601728,30.62488289818289,55.34900297057849,1.0436321121302574,57.39711374805925,82.50198988879482,-0.033573779465394124,0.5306335522780318,1.027941370162611,1.5921487019060367
2026-03-28,Lille,9.692725831724456,0.9191053923883479,5.103500948121061,13.495820512235067,cloudy,404,527,0.768337122773403,2886,13,32.52878051682713,37.65028654730013,39.614750886168345,42.60360819400235,1.3944600263857536,73.45867247147264,67.90438077428279,-0.47647231288690495,1.8991812420561625,0.15256752823694875,2.528221083180016
2026-03-29,Lille,10.636284871300967,2.889264147120628,13.973564542559496,16.66832716025408,cloudy,317,481,0.5340268175229179,2655,14,23.051340542896728,34.22522125861914,30.18193566825868,42.42556884925148,0.9850969195771928,48.88531477443491,60.49899969395965,-0.14991043627508094,-0.1946262448441902,-0.23113523738891076,0.5756719185081819
2026-03-30,Lille,17.459308810000074,4.865663081750527,8.852252027737915,12.993398446473044,cloudy,488,378,0.680490347867204,2887,3,25.52631477507865,31.474047599660736,28.888669190568336,51.31876931798695,0.9994509299571126,52.589071182638406,76.12651431761456,0.1776857756931538,0.12095752652159607,0.15422857917039404,0.4528718813851439
2026-03-31,Lille,13.673447716099734,2.1118605389562486,7.377393566904129,12.481849994578937,cloudy,622,370,0.5181356605134301,3537,9,27.265791358023975,37.82432525544604,35.38124580628565,46.59715256541446,1.204728547097722,64.94784709846444,73.3615280171689,-0.2787682659079323,1.1740044019430902,1.2339116859098256,2.686684353760848
2026-04-01,Lille,17.329431490296663,8.621297093155672,16.54025269752051,11.216702865156417,rain,369,492,0.6470901229660733,2560,5,16.721491182501303,24.827608479101293,29.288530112974808,49.242245099273255,0.7408996754969701,36.45841273928624,66.3118299511875,0.8001974832830913,-1.253477902031768,-0.3889350760662123,2.4426104613810717
2026-04-02,Lille,17.345634706225535,1.6677018321926362,14.376911019049352,9.654816782294514,cloudy,633,308,0.5932616723074093,2818,12,24.893779549260636,30.579134558044053,30.098048047426715,50.64504355749194,1.0479439997718032,53.09093493952872,80.00914703947643,-0.35238938930512576,0.1637195334290833,0.03961606476266976,0.5557249874968788
2026-04-03,Lille,15.932640891674211,3.282715739338652,6.134837658965592,14.523843001427984,cloudy,483,478,0.5967172233737068,3220,7,27.631614567567883,39.1524068225806,33.49242276381859,49.018830534741284,1.1642006118906605,65.04091818908724,77.08455665504826,-0.0846942246362946,1.1819346550555287,0.7073585400076721,1.9739874196994953
2026-04-04,Lille,11.471338495686904,36.18681404317626,41.202356246651036,3.0,fog,627,364,0.7002737280522906,1475,7,9.622438019511673,18.700829261176274,22.565010438251164,46.74239555020714,0.40612925277267614,14.143743361955297,33.33121183311329,5.369294731589361,-3.154830675470372,-2.1911753388543405,10.715300745914075
2026-04-05,Lille,29.57973286156441,1.7978278074234515,14.725529996918569,12.571108149715315,clear,382,618,0.4326994761233445,2414,10,26.86861316112733,32.78907700547946,31.264331049247527,65.90501630965741,1.0322684429054956,64.79913524841268,62.21162040234782,-0.33082047636080153,1.1613331997057703,-0.6314485123492231,2.123602188415795
2026-04-06,Lille,18.605612141896692,4.023114490556886,20.829030096041926,11.59109004062955,cloudy,585,321,0.45114898626515,2410,12,20.257404192363982,29.13279803587471,30.38532224378119,51.73390368296652,0.8239715558313752,45.64615470532319,75.27066353836591,0.038029898512722,-0.47062343202518175,-0.6380927160830042,1.1467460466209078
2026-04-07,Lille,15.323728373031537,40.24203110692283,43.279503882648804,3.0,fog,341,397,0.5476123232496637,1087,2,8.963225775872804,19.8685234918885,22.736425693251874,47.7494939064925,0.39436066677632786,14.952617973719532,42.387157087375215,6.041463556169856,-3.085909377088762,-2.8356631010311086,11.963036034289727
2026-04-08,Lille,15.906456217770513,1.5906467408045224,19.75980181754901,14.202311524494572,cloudy,697,506,0.3915508001041388,3059,9,24.105398503157367,30.33931638727509,33.48694569156397,45.22818699771456,0.9509825903475013,50.677153720639744,74.42771416447017,-0.3651615860561523,-0.04195008853138858,0.43992933972298204,0.8470410143105229
2026-04-09,Lille,13.950197480736133,1.0629489527326883,11.866413877050174,13.724786944765517,cloudy,356,590,0.5974537482304217,2945,3,26.225131874254114,38.054208472785184,35.30932497966877,50.285450313511774,1.150975690364049,65.30226159613368,74.29225076310398,-0.45262965406982036,1.2042027874398893,0.25056953331022025,1.90740197481993
2026-04-10,Lille,20.765625226880434,3.626492170905918,17.57521336638094,13.431316489515781,cloudy,497,620,0.6227501937284843,2640,4,19.274715813228635,30.81577843135847,31.789723846537306,51.55529320159885,0.8859164999777784,48.343187686260215,78.86272231297532,-0.027711874174502514,-0.24081894549447616,-0.25605100139058995,0.5245818210595686
2026-04-11,Lille,18.106899055490413,1.2712278322919883,20.944566857373214,13.416607694402128,cloudy,315,678,0.8064742279115498,2886,14,22.410204446543457,29.955018986156396,27.595228797139875,51.17907421354762,0.9500604512804813,47.28917291514642,80.33939040235101,-0.4181065773867255,-0.33062775576250303,0.15256752823694875,0.9013018613861773
2026-04-12,Lille,17.757241037707914,5.492651033375121,10.898793352756492,11.951944283838792,rain,364,399,0.3277332541754745,2758,11,24.28020182059539,28.840962009828395,30.92912926054653,51.807429810704804,0.926691776951909,50.61840187546217,74.64730026082773,0.2816115946677541,-0.046956122090931245,-0.060046991244047,0.38861470800273235
2026-04-13,Lille,7.79866680387342,0.2850352619505783,11.037900395000193,11.38407694072192,cloudy,486,322,0.49876181177369083,2566,8,28.77118058695755,35.5176812627234,36.98051745746369,36.18433264159612,1.239773370461754,60.9093664350471,61.514848849033974,-0.58157203198411,0.829899979868737,-0.3789687704655406,1.7904407823183877
2026-04-14,Lille,6.531926665231072,2.8250953414421156,22.27510611381582,12.006168253650054,cloudy,634,461,0.45411541580798026,1923,14,21.08356551722845,30.681760127950277,28.327244533827642,36.38366955527273,0.8533194620106044,37.90533019793002,47.151371509205326,-0.16054667843169942,-1.130191265944572,-1.4470245206708552,2.7377624650471266
2026-04-15,Lille,15.103947626873056,2.516158559361572,6.9622006781551296,10.47455044286757,cloudy,626,395,0.6899115412518368,3155,4,29.230749820030333,36.06986732073376,36.30732584951351,48.20173412363821,1.188985877123979,66.48481193517924,76.224716754292,-0.2117542144073217,1.304963651464126,0.5993902293337289,2.1161080952051767
2026-04-16,Lille,12.154288251063509,0.8349125714921933,14.225376990818617,13.401472570265796,cloudy,380,439,0.40987784303382346,2336,7,21.40338087008741,36.23645355437279,37.62335757461469,47.15322791494878,1.1089982885794885,60.25923758484855,69.30434871519557,-0.4904276175155553,0.7745048372602958,-0.7610104851579549,2.025942939933806
2026-04-17,Lille,14.608044145945108,3.9864051696706126,18.17709015104613,9.521483210293056,cloudy,428,538,0.3984068243815892,2618,6,14.15907603046919,29.011766485721296,28.430501279357166,45.36116546791071,0.8618395740304357,36.91564011569677,66.3233985585409,0.03194517834031328,-1.2145192006712462,-0.2925941219263861,1.5390585009379456
2026-04-18,Lille,16.299663151331643,2.9852915182855093,10.726635275142916,12.670074250524936,cloudy,689,344,0.7471227717021678,3584,2,25.283272515079194,32.246214967303644,33.54882243506189,49.67275616020888,1.0518904095901325,57.03516091420055,76.02876423552225,-0.13399350650564967,0.4997928522490938,1.3119810797817537,1.9457674385364971
2026-04-19,Lille,16.039821413236652,5.242560882725535,24.002555907554267,14.477892705878874,rain,408,354,0.49257742155805473,2107,12,16.704098009131283,24.2834723732415,25.978851406441,45.81481934239508,0.7472861111454618,31.520074136095346,65.51649617351202,0.24015812868584127,-1.674255984851788,-1.1413911489169237,3.0558052624545526
2026-04-20,Lille,17.048297076373128,1.424265837626405,19.216863110785294,13.118898151990074,cloudy,386,593,0.4900151406803295,2957,8,20.648854319881405,30.202030202650317,34.007627823772204,49.38684233225016,0.9696071803894588,51.15249255033425,77.91082311386208,-0.3927399016836152,-0.0014481753333892174,0.27050214451156357,0.6646902215285679
2026-04-21,Lille,17.182908754380986,6.719206303514536,16.962079835893835,10.982072748585002,rain,334,378,0.19999782372292602,2414,4,18.19424334099431,23.96471542557088,28.151993732073944,52.978009174477435,0.7854552445249943,38.700721441216736,68.42679373322927,0.484918150458117,-1.0624188369285137,-0.6314485123492231,2.178785499735854
2026-04-22,Lille,15.872128439040027,0.2184196072557407,16.67619343534974,10.10501573005245,cloudy,468,468,0.49293891138837315,2688,8,30.01506809055536,34.24878507080458,33.62140628338802,47.95960791234095,1.100485127886909,61.74897579886682,79.2965966881691,-0.5926138493790882,0.9014400760050214,-0.17632055658521653,1.6703744819693263
2026-04-23,Lille,12.869049838892167,2.3667136549835455,13.36052641743541,12.310381367717959,cloudy,586,381,0.6579027173936254,2679,12,23.790203172741002,33.22557600044494,31.489696348976363,45.11829491233577,1.0271668207861513,52.02851618164716,67.57031236138936,-0.23652531892188894,0.07319464965449268,-0.19127001498622406,0.5009899835626057
2026-04-24,Lille,20.125491323338174,0.9166802800000102,13.635123000400824,10.444921920310044,cloudy,569,479,0.5196213659402755,3946,7,26.289891902891757,32.882361305976424,33.46719685883873,50.111777330424204,1.1170293226196304,59.51114899431116,88.6506523135734,-0.47687428519021696,0.7107628972680764,1.9132815176889448,3.100918700147238
2026-04-25,Lille,19.643423986084578,1.4296186104351167,16.312806645009626,12.387179822735089,cloudy,525,457,0.40448136094305354,3292,5,25.55405638599725,36.56932573456449,30.94289995297414,54.319783073304826,1.0228192309980162,59.88328712387625,85.52689186529307,-0.3918526576839675,0.7424714497357929,0.8269542072157321,1.9612783146354926
2026-04-26,Lille,20.25448981083986,2.048979244473508,14.672261966094975,15.963383612800058,cloudy,396,373,0.31449650603806956,3312,4,26.06528149490002,34.31624754224385,31.439797734526017,50.6987532656304,1.0181064427203825,57.12013422756209,84.92676295930065,-0.2891910978146204,0.5070331228664284,0.8601752258846377,1.6563994465656866
2026-04-27,Lille,23.843893020514244,0.4795603368021718,19.826987422955852,14.472261443612435,clear,503,355,0.4328054939765413,3127,10,24.91022116292905,32.02897418607897,31.288464968340932,58.34564737884841,1.0187878630615763,58.67873699374424,78.03452489022473,-0.5493287047197424,0.6398360625855365,0.5528808031972611,1.74204557050254
2026-04-28,Lille,16.443287954807186,2.786066476273233,16.016514717845375,11.430633928654833,cloudy,583,508,0.790939714067733,2619,12,23.316406609977655,30.92407732414026,31.497157520431664,49.29657422676637,0.9514522859971097,50.97661164643015,74.35223065538072,-0.1670158725618507,-0.016434354997456924,-0.2909330709929408,0.4743832985522484
2026-04-29,Lille,13.809450878782027,2.6484984499850577,15.002639794282986,13.20241349785823,cloudy,591,413,0.4713006389399796,2764,8,24.320810016513054,30.240899374414955,32.57759462518826,45.316455383585435,0.9776126173270576,50.50332664082242,68.51833573324136,-0.18981833592605601,-0.05676126922695174,-0.05008068564337532,0.29666029079638306
2026-04-30,Lille,8.78072591933229,0.057725830887046775,7.977178714651791,9.167004729841064,cloudy,577,502,0.3527248386357714,3049,11,31.469078756884564,36.62931227044855,37.02931437157358,41.67184854545871,1.3661481186292719,68.7859425043977,66.31538030380104,-0.6192495004629179,1.5010347164592728,0.42331883038852924,2.54360304731072
2026-05-01,Lille,22.17560910974264,1.7079123976833173,18.11103572021701,9.722333764438462,clear,416,465,0.4241019397330812,2974,10,21.379394952620853,30.04780784767632,26.395581471877072,53.87458271462719,0.9723432343018494,47.427949895157184,79.54280689512056,-0.3457243235104437,-0.31880306809310166,0.2987400103801333,0.9632674019836787
2026-05-02,Lille,21.195558937101342,2.1734607609188425,19.854706656884304,15.20450645121382,cloudy,528,612,0.4695741750064016,3295,3,20.153857606528057,29.63144327342512,30.972490290415312,55.32255959264121,0.9183403359377931,50.02302597659462,80.18960512090449,-0.268557777014339,-0.09768596251152556,0.831937360016068,1.1981810995419326
2026-05-03,Lille,12.2899693217118,1.5418839474244288,10.651684593626527,14.25086956882954,cloudy,436,623,0.3345185898933649,2923,2,26.194592641537767,34.02820581183378,35.56524100417476,45.173602879820265,1.1479889703656263,59.977675099970874,69.49968590831462,-0.3732442186241058,0.7505139099260875,0.21402641277442408,1.3377845413246172
2026-05-04,Lille,10.05294053566336,7.984809576832094,15.961464890709479,11.70355424481646,rain,393,467,0.5759957048928691,1795,11,18.60911896469287,28.409777507336706,31.630791879745196,39.57204374232869,0.7638505078651796,37.54094581578356,49.19482874653756,0.6946970725819896,-1.1612391494635506,-1.6596390401518508,3.515575262197391
2026-05-05,Lille,11.60758581725965,0.41879694859534716,15.204595876978606,9.995625088437055,cloudy,482,451,0.5979287006174434,2610,11,27.403174911692293,40.264293115189254,34.19220672482645,44.159988253040126,1.1179077385635634,62.837219514293686,68.67529048770315,-0.5594004849935152,0.994165411591037,-0.30588252939394833,1.8594484259785005
2026-05-06,Lille,19.704121727100627,1.3909872676601016,7.373404548832721,9.732368809826234,cloudy,511,400,0.3414667112269807,4687,14,29.131013195300326,38.429924289250295,37.54519922900606,51.155412324182386,1.2621240537543776,71.98231077135023,90.25614992543198,-0.3982559608504465,1.773385767982146,3.144120259371897,5.315761988204489
2026-05-07,Lille,14.9098206090089,12.388722170738856,18.92302143949012,13.076123440363618,rain,456,522,0.38539475215434005,1873,5,16.83221431784731,18.49371610783431,25.319018078777805,46.08640754316654,0.6442590787212483,25.36021033699659,55.34804761759338,1.4246636083478164,-2.19911583916442,-1.5300770673431192,5.153856514855356
2026-05-08,Lille,15.791595988050531,9.970651654894718,16.081584407842502,13.430762630882487,rain,564,504,0.6925023743004469,1667,12,19.005064670911803,21.401733377132256,25.914289972949174,50.88300368670186,0.7163354756320417,33.22780791657033,61.05930024212613,1.0238585242209353,-1.5287461274169534,-1.8722535596328467,4.4248582112707355
2026-05-09,Lille,19.59092862853967,3.4145045246685695,15.09808328846995,11.524609750620717,cloudy,318,645,0.3200949160165104,3133,5,21.39096546479049,26.05769884078972,31.13475944599046,52.33605636806233,0.9371815883839496,47.33453353161023,81.23273572172087,-0.06284969411287553,-0.32676274067041505,0.5628471087979328,0.9524595435812233
2026-05-10,Lille,16.961173820976153,5.158316319005514,11.288852399041827,9.521785848692199,rain,473,391,0.8429954883618986,2725,2,22.27881533002105,28.299278062936132,34.490948657432426,47.23726311346435,0.9325293101083423,49.59780795774608,73.04581128902954,0.2261942474723737,-0.1339172615633981,-0.11486167204774121,0.47497318108351305
2026-05-11,Lille,8.6623736712378,2.707661581971848,15.25443850928009,13.340439794554678,cloudy,597,574,0.4636177431312519,2222,2,29.05980430673102,29.843675535263515,31.527570721554998,39.24525557027639,0.9696406541471239,49.28098212011666,55.404867862754735,-0.18001180466991637,-0.16091285244074552,-0.9503702915707167,1.2912949486813785
2026-05-12,Lille,19.384831936697687,0.06198728339055798,10.318556837966138,11.793490479701905,cloudy,483,618,0.45959921731620046,3639,4,28.434676796446404,36.37627476198493,37.5924691875517,50.44019893678311,1.2833971958078656,70.13168990503884,91.5133498199344,-0.6185431472701632,1.6157010155332,1.403338881121244,3.6375830439246073
2026-05-13,Lille,7.784055944229163,1.9736879640766112,23.30735082864009,13.074181666122287,cloudy,654,499,0.7226694108937286,1601,5,22.29897203943041,24.1302286393323,30.189353334737756,41.039152344939374,0.8785377475472536,38.78990367530131,51.95976753995518,-0.30167093567533065,-1.0548199393042264,-1.9818829212402351,3.338373796219792
2026-05-14,Lille,16.25813188355604,1.916529705376233,11.749916656647734,11.249607239352127,cloudy,345,601,0.6185451046800206,3244,5,23.30934326782511,34.85893026628398,33.318088723281846,52.706611170982924,1.0929190741219925,59.593390456648066,77.9132164661987,-0.3111451509791609,0.7177703966785217,0.7472237624103587,1.7761393100680412
2026-05-15,Lille,14.41142451621883,6.341450195739751,17.78845530362562,12.6514147156264,rain,617,428,0.6144011234202602,2548,2,18.005900674498204,31.967670819752577,23.315363557283177,46.634701818190344,0.7858156719560192,36.53336681848204,61.757994801015194,0.42230352960068485,-1.2470913343461967,-0.4088676872675556,2.0782625512144373
2026-05-16,Lille,14.152072355414315,0.502462717361457,22.890534039557572,10.378284977579323,cloudy,647,433,0.7515235312276094,2791,5,19.92268953902292,34.24190880734645,30.576455479258986,46.639116671758615,0.9659914480134395,48.9366277387184,71.91539341616962,-0.5455325414124181,-0.19025405158853378,-0.005232310440352781,0.7410189034413047
2026-05-17,Lille,9.71211070542692,1.8634239312882104,17.331791872231673,12.660130001625243,cloudy,598,453,0.6378856301746975,1912,11,24.434076170112697,30.795922930278078,30.102143532149224,39.14123834525421,0.9773799986971137,45.553095265347416,59.17871280787016,-0.3199476503734114,-0.4785526924278625,-1.4652960809387532,2.263796423740027
2026-05-18,Lille,19.099631661979025,0.6827942469822451,14.220892628354486,8.784677945763882,cloudy,420,600,0.48988155325307653,3549,5,26.74953866340847,34.90559776724417,35.067847688421466,56.74501169498787,1.1206255929370805,66.17971995079633,87.09274800324167,-0.5156418523581507,1.278967860047667,1.253844297111169,3.0484540095169868
2026-05-19,Lille,16.923702894478623,10.003101579200445,15.03399922279999,13.683056684079519,rain,439,517,0.4173762280084349,2728,13,14.214244750398404,24.85331192439204,29.51829447099818,50.059398624496616,0.7280891279613193,35.121912305475036,64.30353351281859,1.0292372319782346,-1.3673563002979032,-0.10987851924740537,2.5064720515235432
2026-05-20,Lille,12.911816953028765,10.967741550248787,5.527634655815177,9.15208569509971,rain,681,397,0.889638719190667,1444,13,16.533226808498767,25.495754518833017,29.99844946259239,46.0785749334012,0.8604785857942654,37.87289277911389,58.330584519866804,1.1891302550372462,-1.1329551418141333,-2.242667917791144,4.564753314642523
2026-05-21,Lille,14.666738353827926,1.5234694142234293,17.9427663488536,12.095922891963093,cloudy,365,533,0.5106010719525749,3001,10,25.067721588538994,29.447778003403414,31.955334963052724,45.70835940880086,0.9861341095928478,50.30729285468741,72.18491283599913,-0.3762965028649594,-0.07346460355168624,0.34358838558315585,0.7933494919998015
2026-05-22,Lille,17.659219316292578,1.5323767615681179,6.913185249457161,12.379412335220792,cloudy,636,553,0.3425597574524829,3904,13,29.851494931786277,37.65993316278912,34.46792908008994,54.30743044107647,1.2665789472249447,71.05833878109092,85.05407857827241,-0.3748200735886242,1.6946574356661939,1.8435173784842431,3.9129948877390612
2026-05-23,Lille,12.690089111016954,3.379572360590449,15.09573888707876,11.830220362995293,cloudy,345,686,0.6475689941106546,2227,8,19.366485180177737,29.62414129456521,28.96231977177014,48.8965110049329,0.9388878540251255,44.6991117463422,64.05627541826719,-0.06863984327119209,-0.5513175586633866,-0.9420650369034903,1.562022438838069
2026-05-24,Lille,9.783380357969506,0.8116304633550483,19.154261621396834,10.087127246363982,cloudy,399,377,0.6831255951121089,2532,4,25.3704236434102,30.237278148790143,31.251925778167053,45.46257117752447,1.008681381408468,50.73017436903457,61.41554304868665,-0.49428672222297193,-0.037432389650425966,-0.4354445022026801,0.967163614076078
2026-05-25,Lille,18.362031389401885,7.231970401595566,16.7780667439283,13.23697676091295,rain,433,491,0.7374257351059239,2545,5,17.574776520021253,22.516319402933746,28.47145354449539,52.661718402097904,0.7733663891740656,37.16403546725505,70.68372411237304,0.56991089823862,-1.1933543255566554,-0.41385084006789147,2.1771160638631666
2026-05-26,Lille,14.962612386580638,3.9718015239435913,8.653023966921976,13.76466612464682,cloudy,422,545,0.49758410091745664,2616,6,26.319540971955313,33.8306353177821,36.03097115578059,44.518859883144685,1.0493735912587796,58.20795802533879,71.72145663533941,0.029524564294599806,0.5997226787787571,-0.29591622379327664,0.9251634668666335
2026-05-27,Lille,13.739548335834598,1.4580973005802742,16.329391148260243,11.960501812930746,cloudy,347,318,0.46045385699183894,2647,7,22.008264413644184,33.14058927131637,29.800307999016827,43.574282056482794,1.0206935401467427,48.33285351454052,70.6863465770066,-0.387132198241341,-0.24169948312325232,-0.244423644856473,0.8732553262210663
2026-05-28,Lille,13.567100546630963,1.00138911530876,16.694968426546232,13.488383942999874,cloudy,656,603,0.6186433155599925,2283,8,28.594371804323455,29.09991221971649,31.683024842239472,46.16178575349434,1.0431341349876457,53.56884939966313,71.31582787063914,-0.4628334490608532,0.20444090683944102,-0.8490461846305546,1.5163205405308489
2026-05-29,Lille,15.093879133909486,1.1928716671348847,21.60652016136506,12.495023833152409,cloudy,491,686,0.5006583871964048,2637,11,25.5022025473977,26.293644690818063,31.567558022571784,46.33190084417123,0.9441964631735573,47.68994475638829,72.78854261583741,-0.43109443243969914,-0.296479427639146,-0.2610341541909258,0.9886080142697709
2026-05-30,Lille,16.75202719088082,2.557287403634705,17.938658262399713,10.630740348479993,cloudy,308,570,0.673479115403933,2925,4,23.849505444745635,27.879714737433805,33.639848362005495,48.30049259220448,0.9297141509780367,50.188889298426155,74.86958873096235,-0.204936940146327,-0.08355334501029983,0.21734851464131463,0.5058387997979414
2026-05-31,Lille,19.953127995813844,0.14056506686458836,19.462986691496546,10.579837761919125,cloudy,627,448,0.4629027546169074,3695,10,20.06940661307097,30.914561862843335,31.971871466237882,56.10846134130123,1.0496683012425403,54.486228501151444,88.64577870921426,-0.6055185580741703,0.28260748279962017,1.4963577333941798,2.38448377426797
2026-06-01,Lille,13.011452431334538,0.3453828821322259,15.162877887042809,11.18592737414644,cloudy,680,334,0.7175250663294932,2875,8,23.97695307026839,31.765454265736448,35.66597475024982,42.86329268167703,1.1246891365699114,55.31701660545887,72.41512534193853,-0.5715691669620705,0.35339595111855604,0.1342959679690507,1.0592610860496772
2026-06-02,Lille,19.431592284783505,2.5696486894040533,17.922064902362422,13.098461593003297,cloudy,537,333,0.5573962497280335,3094,10,22.22943602026497,29.36800101995172,30.924661491892884,51.818214320975,0.9293701451524177,49.5947836501342,81.54628275624361,-0.20288800644061555,-0.13417495194492904,0.49806612239356685,0.8351290807791114
2026-06-03,Lille,29.171110218249794,0.9904428845636484,19.789411140884884,11.621759218445932,clear,556,567,0.637014826245281,2667,8,21.866467208614264,31.676987529128542,29.641721611963256,62.285393881661406,0.9860227990981696,56.38695794820384,63.305900248991406,-0.464647831605084,0.4445618073114077,-0.2112026261875674,1.1204122651040591
2026-06-04,Lille,20.6082505596223,2.0684992869156233,22.55577465123674,12.818056107485274,cloudy,405,384,0.3774741909528419,3002,7,24.13819926669739,29.60588993558472,33.270504200692365,56.29783597398065,0.8841299645497009,54.674337530745596,80.98689609409769,-0.2859555708926766,0.2986355771029589,0.3452494365166011,0.9298405845122366
2026-06-05,Lille,9.372450441587969,1.3343806496416484,9.868901806274863,6.7915722867457315,cloudy,318,429,0.5776846528818068,2789,13,25.186588803119477,35.86942727089954,32.737806912548905,37.94372133646899,1.1861438053191238,54.9536922637279,63.16046384034239,-0.4076387394536189,0.3224383898333458,-0.00855441230724334,0.738631541594208
2026-06-06,Lille,16.99474073398247,3.409669721209133,17.021473774808488,14.074094577479858,cloudy,691,424,0.625936148395889,2986,4,21.191514267319036,31.06329764630041,30.621419632790847,47.61190061826142,0.90429565267295,47.08847687526785,73.94296403649194,-0.06365108257305445,-0.34772834397148283,0.3186726215814767,0.730052048126014
2026-06-07,Lille,19.702954340515234,0.8216180371006322,17.11327532750802,8.442824831986966,cloudy,439,628,0.4826501546314159,3879,3,23.974600251692422,32.143430798453586,29.07117792715656,55.069889939115505,1.0469641701058947,54.96331811320805,86.97760695201015,-0.4926312409997849,0.32325857386996737,1.801991105148111,2.617880920017863
2026-06-08,Lille,17.598259129594886,1.4048560867512372,14.59238663449177,13.380473600760546,cloudy,608,527,0.2413049869904868,3350,11,24.75083848163814,29.96183690131747,29.77924325764757,53.319238845357084,1.0604154267077823,53.93504967832261,81.22039492248507,-0.3959571473269614,0.23564351637353223,0.9232951613555583,1.554895825056052
2026-06-09,Lille,3.2081580837144887,1.0829802398143076,9.884022443408528,13.358746565913007,cloudy,591,661,0.4613324893922937,2013,13,27.354095522482254,38.51571257581546,38.24074561545017,35.894686246169236,1.2057860793386848,62.29343566734576,48.409937931760204,-0.44930938625657363,0.9478315444804674,-1.29752993666078,2.694670867397821
2026-06-10,Lille,10.25602982420672,4.08900182875372,17.312956464269757,9.875405689667252,cloudy,541,641,0.7247685609730202,2383,6,20.346439938428396,23.319826431139383,30.137078802122474,46.49038852860516,0.870665171583169,39.57054547877393,55.57778212558577,0.04895099446746899,-0.988304257041749,-0.6829410912860268,1.7201963427952447
2026-06-11,Lille,10.008583071264209,4.7402846257023095,17.898216146613237,13.566781018565191,cloudy,692,428,0.5131502086060895,2114,11,20.669772100021788,23.55101326149938,27.600703220780964,41.64283313598344,0.8370276128184719,34.59495370194509,53.47090444676349,0.1569037834829054,-1.4122565488907346,-1.1297637923828068,2.698924124756447
2026-06-12,Lille,14.742305569777521,1.2659465995251626,22.111849308492538,10.803148129312879,cloudy,674,677,0.23832822702157053,2884,7,20.45078203661403,24.626644430736114,30.3432644357811,46.12101419101777,0.9323379585726812,41.632029444369245,71.54711276128867,-0.41898196333164794,-0.8126526177947108,0.1492454263700582,1.380880007496417
2026-06-13,Lille,17.142882637589487,8.793051997554109,16.9155010603661,12.836796441777368,rain,350,565,0.7965067233706802,2073,9,22.193970499180246,25.292085349576073,28.146313774947128,50.33328687811527,0.7324293588690205,40.048098764205584,65.47598735469904,0.8286665616063048,-0.9476136580296655,-1.1978668806540633,2.9741471002900335
2026-06-14,Lille,23.007992964732146,4.039395743058403,7.48459849120091,13.940786779693703,clear,640,356,0.552702530806667,3300,8,25.736859503271347,29.83635980301996,30.877494803660458,59.78682096031727,1.077469644846182,59.2204432894238,77.33604654910616,0.04072858274703325,0.6859929090197399,0.8402426146832943,1.5669641064500675
2026-06-15,Lille,20.016825244105814,2.4060729205749425,10.219115584251764,13.213446118272365,cloudy,519,612,0.1443412552595838,3829,5,26.423168199591064,32.87460446772075,34.30921269970731,55.03191411260816,1.1002122130065335,62.62958680304542,86.83185798237471,-0.23000135956951867,0.9764737745466845,1.718938558475847,2.92541369259205
2026-06-16,Lille,15.08401690639806,3.6889341800671303,19.43827712936918,13.632145686787696,cloudy,582,373,0.47675892363226835,2325,10,25.095617506325752,28.292265634948052,27.13650838267718,47.86942732184634,0.855691412021867,44.17941805661164,67.64579900166208,-0.017361855607664206,-0.5955987900631918,-0.7792820454258529,1.392242691096709
2026-06-17,Lille,15.628945107253045,5.559103726913885,19.620809119279514,13.677881000939225,rain,525,356,0.40225103112744776,2459,5,20.948055295480902,28.34639607096858,24.880706290109366,49.26214756768728,0.7866462020619075,38.86555697036353,65.40278254576518,0.292626400584183,-1.0483737939478248,-0.5567012203441855,1.8977014148761933
2026-06-18,Lille,12.913734067265384,1.3231298873796091,9.499228835141526,14.116414093887816,cloudy,586,363,0.26428916808478914,3233,8,26.168292790645793,34.823339237343475,36.660681453188474,46.98897795958226,1.1981401322821013,63.31357096462524,72.24398784893292,-0.4095035993430973,1.034753606553921,0.7289522021424607,2.173209408039479
